team_id,area,name,game_count,win_count,win_pct,his_win_pct,opp_win_pct,started_count,minutes_played,field_goals,field_goal_attempts,field_goal_pct,three_point_field_goals,three_point_field_goal_attempts,three_point_field_goal_pct,free_throws,free_throw_attempts,free_throw_pct,offensive_rebounds,defensive_rebounds,total_rebounds,assists,steals,blocks,turnovers,personal_fouls,points,game_score,plus_minus,daily_fantasy_sports_points,uri,is_pow
MIN,W,Chauncey Billups,3,3,1.0,0.0,0.0,0,18.6388888889,4.33333333333,8.66666666667,0.468333333333,1.66666666667,3.0,0.611,2.33333333333,2.66666666667,0.833333333333,0.0,1.33333333333,1.33333333333,2.66666666667,0.333333333333,0.0,0.666666666667,1.66666666667,12.6666666667,9.46666666667,1.0,0.0,/players/b/billuch01.html,0
SAS,W,Bruce Bowen,4,2,0.5,0.0,0.0,4,28.7208333333,2.5,9.25,0.27125,0.75,2.75,0.20825,0.75,2.0,0.25,2.0,2.75,4.75,1.75,0.75,0.25,1.5,1.25,6.5,2.9,0.75,0.0,/players/b/bowenbr01.html,0
PHI,E,Speedy Claxton,3,0,0.0,0.0,0.0,3,41.6833333333,6.66666666667,14.0,0.465333333333,0.333333333333,0.666666666667,0.333333333333,3.33333333333,4.33333333333,0.711,1.0,1.33333333333,2.33333333333,4.66666666667,0.666666666667,0.0,2.33333333333,3.33333333333,17.0,10.8333333333,-11.6666666667,0.0,/players/c/claxtsp01.html,0
GSW,W,Adonal Foyle,4,2,0.5,0.0,0.0,0,17.5375,2.25,3.75,0.6,0.0,0.0,0.0,0.5,2.25,0.125,1.5,1.75,3.25,0.25,0.5,3.0,0.25,2.5,5.0,5.675,-3.25,0.0,/players/f/foylead01.html,0
MIN,W,Gary Trent,3,3,1.0,0.0,0.0,0,9.48888888889,1.0,3.66666666667,0.305666666667,0.0,0.0,0.0,0.333333333333,1.0,0.166666666667,0.666666666667,2.0,2.66666666667,0.666666666667,0.333333333333,0.333333333333,0.0,2.0,2.33333333333,1.2,0.0,0.0,/players/t/trentga01.html,0
MIN,W,Felipe Lopez,2,2,1.0,0.0,0.0,0,4.575,0.0,1.5,0.0,0.0,0.5,0.0,0.0,0.0,0.0,0.5,0.0,0.5,1.0,0.0,0.0,0.5,0.0,0.0,-0.5,-3.5,0.0,/players/l/lopezfe01.html,0
PHI,E,Dikembe Mutombo,3,0,0.0,0.0,0.0,3,37.2777777778,4.66666666667,9.66666666667,0.509,0.0,0.0,0.0,5.0,6.0,0.889,4.66666666667,8.66666666667,13.3333333333,1.33333333333,0.0,2.66666666667,3.33333333333,3.66666666667,14.3333333333,12.9,-4.33333333333,0.0,/players/m/mutomdi01.html,0
SAC,W,Mateen Cleaves,2,2,1.0,0.0,0.0,0,1.525,0.0,1.0,0.0,0.0,0.0,0.0,0.0,0.0,0.0,0.0,0.0,0.0,0.0,0.0,0.0,0.5,0.0,0.0,-1.2,-2.5,0.0,/players/c/cleavma01.html,0
MIL,E,Michael Redd,2,2,1.0,0.0,0.0,0,11.1833333333,1.0,3.0,0.6,0.0,0.5,0.0,1.0,1.0,0.5,0.0,0.0,0.0,1.0,1.5,0.0,0.0,2.0,3.0,2.7,-0.5,0.0,/players/r/reddmi01.html,0
UTA,W,Donyell Marshall,4,1,0.25,0.0,0.0,4,34.8208333333,7.0,11.5,0.6585,0.25,1.0,0.08325,2.0,3.75,0.4095,3.75,5.0,8.75,2.25,1.75,1.0,2.75,2.75,16.25,14.6,-6.5,0.0,/players/m/marshdo01.html,0
CLE,E,DeSagana Diop,1,0,0.0,0.0,0.0,0,6.1,0.0,1.0,0.0,0.0,0.0,0.0,0.0,0.0,0.0,0.0,2.0,2.0,0.0,0.0,0.0,0.0,1.0,0.0,-0.5,4.0,0.0,/players/d/diopde01.html,0
WAS,E,Christian Laettner,4,2,0.5,0.0,0.0,4,31.7708333333,2.5,9.0,0.292,0.0,0.0,0.0,2.5,2.75,0.70825,2.0,3.0,5.0,2.75,1.75,1.0,1.75,2.75,7.5,5.925,-2.5,0.0,/players/l/laettch01.html,0
DEN,W,Tariq Abdul-Wahad,3,1,0.3333333333333333,0.0,0.0,3,29.4833333333,3.0,10.3333333333,0.297333333333,0.333333333333,0.666666666667,0.333333333333,2.33333333333,2.66666666667,0.611,3.0,2.0,5.0,1.0,1.66666666667,0.333333333333,1.66666666667,2.66666666667,8.66666666667,5.06666666667,-6.33333333333,0.0,/players/a/abdulta01.html,0
DET,E,Zeljko Rebraca,4,3,0.75,0.0,0.0,0,16.2666666667,2.75,5.0,0.5625,0.0,0.0,0.0,0.75,1.0,0.375,2.0,3.75,5.75,1.0,0.25,1.25,1.75,3.25,6.25,5.05,2.75,0.0,/players/r/rebraze01.html,0
HOU,W,Eddie Griffin,4,3,0.75,0.0,0.0,0,13.9791666667,1.75,5.75,0.29925,1.0,1.5,0.3125,0.25,0.25,0.25,1.0,2.0,3.0,0.0,0.0,0.25,0.25,1.25,4.75,2.15,4.75,0.0,/players/g/griffed01.html,0
SAC,W,Gerald Wallace,3,3,1.0,0.0,0.0,0,3.38888888889,1.0,1.0,1.0,0.0,0.0,0.0,0.0,0.0,0.0,0.333333333333,0.666666666667,1.0,0.0,0.0,0.0,0.333333333333,0.333333333333,2.0,1.66666666667,-1.33333333333,0.0,/players/w/wallage01.html,0
IND,E,Jonathan Bender,4,2,0.5,0.0,0.0,0,9.15,1.0,2.5,0.45825,0.25,0.25,0.25,0.0,0.0,0.0,0.5,0.5,1.0,0.25,0.0,0.25,1.0,1.5,2.25,0.15,0.0,0.0,/players/b/bendejo01.html,0
SAC,W,Peja Stojakovic,3,3,1.0,0.0,0.0,3,37.9555555556,8.0,17.6666666667,0.471666666667,1.66666666667,5.0,0.540666666667,2.66666666667,3.0,0.296333333333,1.33333333333,4.33333333333,5.66666666667,3.0,1.0,0.333333333333,2.66666666667,0.333333333333,20.3333333333,13.8,9.33333333333,0.0,/players/s/stojape01.html,0
CHI,E,Tyson Chandler,3,1,0.3333333333333333,0.0,0.0,0,6.77777777778,0.333333333333,1.33333333333,0.166666666667,0.0,0.0,0.0,1.33333333333,2.0,0.666666666667,0.0,0.666666666667,0.666666666667,0.0,0.333333333333,0.333333333333,1.0,1.0,2.0,0.3,-1.66666666667,0.0,/players/c/chandty01.html,0
CHH,E,Matt Bullard,3,2,0.6666666666666666,0.0,0.0,0,11.5222222222,0.666666666667,3.0,0.133333333333,0.333333333333,1.66666666667,0.166666666667,0.0,0.0,0.0,0.333333333333,2.66666666667,3.0,1.0,0.0,0.0,0.0,2.0,1.66666666667,0.766666666667,2.66666666667,0.0,/players/b/bullama01.html,0
MIA,E,Sean Marks,2,1,0.5,0.0,0.0,0,12.2,1.0,1.5,0.75,0.0,0.0,0.0,1.5,2.0,0.375,2.0,3.0,5.0,0.5,0.5,2.0,1.5,2.5,3.5,4.7,3.5,0.0,/players/m/marksse01.html,0
NJN,E,Aaron Williams,4,3,0.75,0.0,0.0,0,23.6375,1.75,4.75,0.38525,0.0,0.0,0.0,1.75,2.5,0.54175,1.75,3.0,4.75,1.0,0.5,1.5,0.5,3.0,5.25,5.0,1.5,0.0,/players/w/williaa01.html,0
POR,W,Zach Randolph,3,0,0.0,0.0,0.0,0,7.11666666667,0.666666666667,2.66666666667,0.0953333333333,0.0,0.0,0.0,0.333333333333,0.666666666667,0.166666666667,1.33333333333,0.333333333333,1.66666666667,0.666666666667,0.333333333333,0.333333333333,0.333333333333,1.0,1.66666666667,1.26666666667,0.0,0.0,/players/r/randoza01.html,0
POR,W,Rasheed Wallace,4,1,0.25,0.0,0.0,4,38.8875,6.5,18.5,0.34375,0.75,3.5,0.14575,3.5,4.75,0.775,1.25,7.0,8.25,1.0,0.75,1.75,2.25,3.5,17.25,8.4,-3.5,0.0,/players/w/wallara01.html,0
NYK,E,Mark Jackson,3,1,0.3333333333333333,0.0,0.0,3,33.55,2.66666666667,8.33333333333,0.371666666667,0.666666666667,3.0,0.277666666667,1.33333333333,2.66666666667,0.416666666667,1.0,4.33333333333,5.33333333333,8.66666666667,0.333333333333,0.333333333333,2.33333333333,3.0,7.33333333333,7.13333333333,3.66666666667,0.0,/players/j/jacksma01.html,0
PHO,W,Jake Voskuhl,4,1,0.25,0.0,0.0,3,11.4375,1.25,2.25,0.41675,0.0,0.0,0.0,2.0,2.5,0.8125,2.0,2.25,4.25,0.5,0.5,0.25,1.25,2.75,4.5,3.975,1.0,0.0,/players/v/voskuja01.html,0
NJN,E,Reggie Slater,1,0,0.0,0.0,0.0,0,1.01666666667,0.0,0.0,0.0,0.0,0.0,0.0,0.0,0.0,0.0,0.0,0.0,0.0,0.0,0.0,0.0,0.0,0.0,0.0,0.0,3.0,0.0,/players/s/slatere01.html,0
ATL,E,Shareef Abdur-Rahim,3,1,0.3333333333333333,0.0,0.0,3,40.3277777778,6.33333333333,19.0,0.315666666667,0.0,1.33333333333,0.0,8.0,9.66666666667,0.836,3.33333333333,9.33333333333,12.6666666667,1.0,0.333333333333,1.0,4.66666666667,3.66666666667,20.6666666667,9.96666666667,-4.66666666667,0.0,/players/a/abdursh01.html,0
WAS,E,Etan Thomas,2,1,0.5,0.0,0.0,0,19.825,2.5,3.5,0.7085,0.0,0.0,0.0,1.0,2.0,0.5,2.5,2.5,5.0,0.0,0.0,0.0,1.0,3.0,6.0,4.45,9.5,0.0,/players/t/thomaet01.html,0
CHH,E,Jamal Mashburn,3,2,0.6666666666666666,0.0,0.0,3,38.9722222222,6.0,16.0,0.378666666667,1.33333333333,3.33333333333,0.455666666667,4.33333333333,5.33333333333,0.736,0.666666666667,5.66666666667,6.33333333333,3.66666666667,1.0,0.0,4.66666666667,2.0,17.6666666667,8.73333333333,0.666666666667,0.0,/players/m/mashbja01.html,0
MIA,E,Eddie Jones,3,1,0.3333333333333333,0.0,0.0,3,38.2944444444,5.33333333333,14.6666666667,0.366666666667,1.66666666667,4.33333333333,0.522333333333,3.33333333333,4.0,0.785666666667,0.333333333333,2.0,2.33333333333,2.33333333333,0.666666666667,1.33333333333,1.66666666667,4.0,15.6666666667,8.06666666667,-6.33333333333,0.0,/players/j/jonesed02.html,0
WAS,E,Popeye Jones,4,2,0.5,0.0,0.0,0,27.9583333333,2.75,5.5,0.39875,0.0,0.25,0.0,0.5,1.0,0.33325,2.75,6.25,9.0,1.25,0.5,0.25,1.25,3.25,6.0,5.85,2.0,0.0,/players/j/jonespo01.html,0
LAC,W,Jeff McInnis,3,0,0.0,0.0,0.0,3,36.9388888889,6.0,14.0,0.429666666667,0.333333333333,1.66666666667,0.111,3.0,3.66666666667,0.555666666667,1.0,1.66666666667,2.66666666667,2.66666666667,1.0,0.0,2.33333333333,3.66666666667,15.3333333333,7.93333333333,-10.0,0.0,/players/m/mcinnje01.html,0
SAC,W,Mike Bibby,3,3,1.0,0.0,0.0,3,33.8888888889,5.33333333333,12.3333333333,0.407,0.0,0.666666666667,0.0,2.33333333333,2.66666666667,0.666666666667,1.0,4.66666666667,5.66666666667,4.33333333333,1.66666666667,0.333333333333,1.66666666667,2.66666666667,13.0,10.6666666667,12.6666666667,0.0,/players/b/bibbymi01.html,0
ATL,E,Jason Terry,3,1,0.3333333333333333,0.0,0.0,3,40.3277777778,5.66666666667,13.6666666667,0.381,0.666666666667,2.33333333333,0.222,4.33333333333,5.33333333333,0.916666666667,0.0,5.66666666667,5.66666666667,3.0,2.33333333333,0.333333333333,1.0,3.0,16.3333333333,12.8,-7.66666666667,0.0,/players/t/terryja01.html,0
BOS,E,Milt Palacio,4,2,0.5,0.0,0.0,0,16.775,2.25,5.0,0.43025,1.25,2.0,0.5835,1.5,1.5,1.0,0.0,2.0,2.0,1.75,0.25,0.25,0.25,0.75,7.25,6.35,0.75,0.0,/players/p/palacmi01.html,0
CHI,E,Marcus Fizer,3,1,0.3333333333333333,0.0,0.0,0,22.7055555556,4.66666666667,11.0,0.413,0.0,0.666666666667,0.0,3.0,4.33333333333,0.638666666667,2.0,3.33333333333,5.33333333333,0.666666666667,0.666666666667,0.333333333333,1.66666666667,1.66666666667,12.3333333333,7.4,-6.0,0.0,/players/f/fizerma01.html,0
PHO,W,Anfernee Hardaway,4,1,0.25,0.0,0.0,4,36.3458333333,7.25,16.75,0.353,1.25,2.25,0.41675,5.0,5.75,0.8,1.0,2.75,3.75,3.5,2.0,0.5,2.0,3.0,20.75,14.75,-6.25,0.0,/players/h/hardaan01.html,0
PHO,W,John Wallace,4,1,0.25,0.0,0.0,0,19.3166666667,3.25,7.0,0.42325,0.0,0.25,0.0,1.25,1.25,0.5,1.25,3.5,4.75,1.25,0.25,0.25,1.0,1.75,7.75,5.675,-3.0,0.0,/players/w/wallajo01.html,0
WAS,E,Bobby Simmons,3,2,0.6666666666666666,0.0,0.0,0,5.76111111111,0.666666666667,1.66666666667,0.133333333333,0.0,0.333333333333,0.0,0.0,0.0,0.0,0.0,0.333333333333,0.333333333333,0.333333333333,0.0,0.666666666667,0.0,0.333333333333,1.33333333333,1.1,4.33333333333,0.0,/players/s/simmobo01.html,0
NYK,E,Shandon Anderson,3,1,0.3333333333333333,0.0,0.0,0,22.7055555556,2.66666666667,6.66666666667,0.352,0.666666666667,3.0,0.277666666667,1.0,1.33333333333,0.5,1.0,2.66666666667,3.66666666667,1.0,1.33333333333,0.333333333333,1.66666666667,1.66666666667,7.0,4.7,-6.33333333333,0.0,/players/a/andersh01.html,0
DAL,W,Michael Finley,4,3,0.75,0.0,0.0,4,42.9541666667,9.0,21.0,0.42075,1.75,5.0,0.3,2.75,4.0,0.775,1.0,4.75,5.75,3.25,1.5,0.5,2.25,1.75,22.5,14.2,3.25,0.0,/players/f/finlemi01.html,0
PHI,E,Corie Blount,3,0,0.0,0.0,0.0,0,14.5722222222,2.33333333333,5.0,0.455666666667,0.0,0.0,0.0,0.0,0.333333333333,0.0,2.0,2.66666666667,4.66666666667,0.333333333333,0.333333333333,0.666666666667,1.33333333333,2.0,4.66666666667,3.06666666667,-6.33333333333,0.0,/players/b/blounco01.html,0
BOS,E,Paul Pierce,4,2,0.5,0.0,0.0,4,38.125,10.0,22.5,0.45325,3.25,6.25,0.45225,5.25,7.5,0.7125,2.5,5.25,7.75,1.5,2.5,0.75,3.25,4.0,28.5,18.4,6.0,0.0,/players/p/piercpa01.html,0
DET,E,Jon Barry,4,3,0.75,0.0,0.0,0,23.1291666667,1.75,5.25,0.375,1.0,3.0,0.43325,1.0,1.0,0.5,0.5,3.0,3.5,3.0,0.5,0.25,2.75,1.25,5.5,3.3,1.0,0.0,/players/b/barryjo01.html,0
IND,E,Jalen Rose,4,2,0.5,0.0,0.0,4,39.65,10.5,20.5,0.50475,1.25,3.5,0.40425,3.5,4.0,0.875,1.0,4.0,5.0,4.25,1.25,0.0,2.0,2.25,25.75,18.625,3.25,0.0,/players/r/roseja01.html,0
MIL,E,Glenn Robinson,3,3,1.0,0.0,0.0,3,36.2611111111,9.0,19.0,0.472,1.0,2.66666666667,0.305666666667,5.33333333333,6.33333333333,0.811,1.0,6.33333333333,7.33333333333,2.0,2.66666666667,0.333333333333,0.666666666667,2.33333333333,24.3333333333,19.5333333333,9.0,0.0,/players/r/robingl01.html,0
ATL,E,Cal Bowdler,1,1,1.0,0.0,0.0,0,9.15,0.0,0.0,0.0,0.0,0.0,0.0,0.0,0.0,0.0,0.0,0.0,0.0,0.0,0.0,0.0,0.0,1.0,0.0,-0.4,-1.0,0.0,/players/b/bowdlca01.html,0
TOR,E,Vince Carter,4,2,0.5,0.0,0.0,4,35.8375,6.75,18.75,0.3385,1.75,5.0,0.30725,5.75,6.75,0.892,2.5,1.5,4.0,6.25,1.25,1.0,3.25,3.0,21.0,14.25,3.25,0.0,/players/c/cartevi01.html,0
BOS,E,Vitaly Potapenko,4,2,0.5,0.0,0.0,0,10.1666666667,1.25,2.5,0.275,0.0,0.0,0.0,1.5,2.0,0.5,2.0,1.75,3.75,0.25,0.0,0.0,0.75,1.75,4.0,3.2,-2.25,0.0,/players/p/potapvi01.html,0
UTA,W,John Amaechi,4,1,0.25,0.0,0.0,0,22.1125,2.25,6.0,0.37075,0.0,0.0,0.0,2.5,4.75,0.51775,1.5,2.25,3.75,0.75,0.0,0.5,1.75,2.75,7.0,2.55,0.5,0.0,/players/a/amaecjo01.html,0
MIN,W,Anthony Peeler,3,3,1.0,0.0,0.0,0,27.7888888889,2.66666666667,8.0,0.325333333333,1.0,2.33333333333,0.277666666667,0.0,0.0,0.0,1.0,3.0,4.0,3.0,0.333333333333,0.0,0.333333333333,2.0,6.33333333333,4.7,9.66666666667,0.0,/players/p/peelean01.html,0
UTA,W,Karl Malone,4,1,0.25,0.0,0.0,4,39.3958333333,7.25,15.5,0.45875,0.0,0.0,0.0,6.75,8.25,0.82325,0.75,7.25,8.0,3.25,2.0,0.5,4.0,4.0,21.25,14.425,-0.25,0.0,/players/m/malonka01.html,0
CHI,E,A.J. Guyton,2,0,0.0,0.0,0.0,0,6.1,0.5,2.5,0.1665,0.5,1.0,0.5,0.0,0.0,0.0,0.0,0.5,0.5,1.0,0.0,0.0,0.0,0.0,1.5,0.8,-7.5,0.0,/players/g/guytoaj01.html,0
HOU,W,Walt Williams,4,3,0.75,0.0,0.0,0,21.35,2.25,7.75,0.2665,0.5,3.0,0.28125,0.25,0.25,0.25,0.75,2.75,3.5,1.25,0.0,0.0,0.0,1.25,5.25,2.45,4.0,0.0,/players/w/williwa02.html,0
GSW,W,Jason Richardson,4,2,0.5,0.0,0.0,0,21.35,2.5,8.0,0.26625,0.5,1.75,0.1,0.75,1.75,0.375,1.25,1.75,3.0,1.75,0.25,0.25,1.0,1.75,6.25,2.6,0.75,0.0,/players/r/richaja01.html,0
MIN,W,Wally Szczerbiak,3,3,1.0,0.0,0.0,3,42.0222222222,6.0,13.3333333333,0.452333333333,0.0,0.666666666667,0.0,3.33333333333,3.66666666667,0.619,2.0,4.0,6.0,4.33333333333,1.33333333333,0.333333333333,1.66666666667,1.0,15.3333333333,13.4,6.33333333333,0.0,/players/s/szczewa02.html,0
LAL,W,Lindsey Hunter,4,4,1.0,0.0,0.0,4,36.0916666667,4.75,11.25,0.42975,2.25,4.75,0.49175,1.25,2.25,0.35725,0.25,1.5,1.75,3.0,1.5,0.25,1.75,2.5,13.0,8.275,9.0,0.0,/players/h/hunteli01.html,0
DAL,W,Dirk Nowitzki,3,2,0.6666666666666666,0.0,0.0,3,29.4833333333,5.33333333333,11.6666666667,0.321,1.66666666667,4.33333333333,0.277666666667,4.66666666667,6.0,0.525,2.0,5.0,7.0,1.0,0.666666666667,0.333333333333,1.33333333333,1.66666666667,17.0,12.9333333333,1.0,0.0,/players/n/nowitdi01.html,0
NJN,E,Lucious Harris,4,3,0.75,0.0,0.0,0,14.4875,2.25,5.0,0.399,0.0,0.5,0.0,1.25,1.25,0.5,0.25,1.5,1.75,1.0,0.25,0.25,0.25,1.0,5.75,4.25,-6.0,0.0,/players/h/harrilu01.html,0
LAC,W,Eric Piatkowski,3,0,0.0,0.0,0.0,3,27.7888888889,1.66666666667,3.66666666667,0.595333333333,1.0,1.33333333333,0.833333333333,3.33333333333,3.33333333333,0.666666666667,2.33333333333,3.33333333333,5.66666666667,1.0,0.0,0.0,0.666666666667,1.66666666667,7.66666666667,7.76666666667,4.0,0.0,/players/p/piatker01.html,0
SAS,W,Steve Smith,4,2,0.5,0.0,0.0,4,33.2958333333,6.25,12.25,0.4625,3.25,4.5,0.625,3.25,3.25,0.75,1.25,1.25,2.5,1.75,0.5,0.5,1.75,2.75,19.0,13.4,-2.75,0.0,/players/s/smithst01.html,0
LAL,W,Mike Penberthy,2,2,1.0,0.0,0.0,0,3.05,0.5,0.5,0.5,0.0,0.0,0.0,0.5,1.0,0.25,0.0,0.5,0.5,1.0,1.0,0.0,0.0,0.0,1.5,3.0,3.0,0.0,/players/p/penbemi01.html,0
SEA,W,Vladimir Radmanovic,3,1,0.3333333333333333,0.0,0.0,0,18.6388888889,2.0,6.33333333333,0.305,1.0,3.0,0.244333333333,0.666666666667,1.33333333333,0.333333333333,0.333333333333,2.33333333333,2.66666666667,1.0,1.0,0.333333333333,1.33333333333,2.66666666667,5.66666666667,2.23333333333,-1.66666666667,0.0,/players/r/radmavl01.html,0
NJN,E,Kenyon Martin,4,3,0.75,0.0,0.0,4,35.075,4.75,13.0,0.365,0.0,0.25,0.0,2.5,3.0,0.8125,1.5,3.75,5.25,1.5,1.25,1.5,2.5,4.75,12.0,5.725,-1.5,0.0,/players/m/martike01.html,0
SAC,W,Lawrence Funderburke,2,2,1.0,0.0,0.0,0,23.8916666667,4.0,9.0,0.4675,0.0,0.0,0.0,1.5,1.5,1.0,2.5,4.0,6.5,2.0,0.0,1.0,1.0,3.0,9.5,7.65,13.0,0.0,/players/f/fundela01.html,0
SEA,W,Earl Watson,3,1,0.3333333333333333,0.0,0.0,0,5.42222222222,0.333333333333,1.33333333333,0.111,0.0,0.0,0.0,0.0,0.0,0.0,0.0,0.333333333333,0.333333333333,1.0,0.0,0.0,0.0,1.0,0.666666666667,0.266666666667,4.0,0.0,/players/w/watsoea01.html,0
WAS,E,Richard Hamilton,4,2,0.5,0.0,0.0,4,32.7875,6.5,13.75,0.4555,0.25,0.25,0.25,4.25,4.75,0.691,1.25,2.75,4.0,1.75,0.75,0.0,2.75,1.75,17.5,10.5,2.5,0.0,/players/h/hamilri01.html,0
GSW,W,Danny Fortson,4,2,0.5,0.0,0.0,4,28.2125,3.5,10.5,0.334,0.0,0.0,0.0,5.5,6.75,0.8555,3.5,8.25,11.75,1.25,0.5,0.0,1.0,3.0,12.5,10.15,1.25,0.0,/players/f/fortsda01.html,0
PHO,W,Alton Ford,2,0,0.0,0.0,0.0,0,5.08333333333,1.5,2.5,0.5835,0.0,0.0,0.0,0.0,0.0,0.0,0.0,1.5,1.5,0.0,0.0,0.0,0.5,0.0,3.0,1.8,-3.5,0.0,/players/f/fordal02.html,0
SAC,W,Hedo Turkoglu,3,3,1.0,0.0,0.0,0,23.3833333333,4.33333333333,9.33333333333,0.457333333333,1.0,2.33333333333,0.444333333333,2.33333333333,3.0,0.5,1.33333333333,4.66666666667,6.0,1.33333333333,0.666666666667,0.333333333333,1.33333333333,3.66666666667,12.0,8.3,9.33333333333,0.0,/players/t/turkohe01.html,0
ORL,E,Grant Hill,3,2,0.6666666666666666,0.0,0.0,3,35.2444444444,6.0,12.6666666667,0.464333333333,0.0,0.0,0.0,4.33333333333,5.0,0.877666666667,1.33333333333,8.33333333333,9.66666666667,4.66666666667,0.333333333333,0.666666666667,2.33333333333,1.66666666667,16.3333333333,14.1,11.3333333333,0.0,/players/h/hillgr01.html,0
DET,E,Rodney White,2,2,1.0,0.0,0.0,0,8.64166666667,1.5,5.0,0.375,0.0,1.5,0.0,0.0,0.0,0.0,0.0,0.5,0.5,0.0,0.5,0.0,1.0,1.0,3.0,-0.65,-7.0,0.0,/players/w/whitero02.html,0
WAS,E,Tyrone Nesby,4,2,0.5,0.0,0.0,0,21.0958333333,3.0,6.5,0.566,0.75,2.0,0.5,0.75,0.75,0.5,0.25,3.75,4.0,2.5,0.75,0.0,0.25,3.5,7.5,6.3,0.75,0.0,/players/n/nesbyty01.html,0
CHI,E,Fred Hoiberg,3,1,0.3333333333333333,0.0,0.0,3,28.4666666667,0.333333333333,6.0,0.0476666666667,0.0,3.33333333333,0.0,1.0,1.0,0.666666666667,0.0,2.33333333333,2.33333333333,2.33333333333,1.33333333333,0.333333333333,0.333333333333,1.0,1.66666666667,0.766666666667,-6.66666666667,0.0,/players/h/hoibefr01.html,0
UTA,W,John Crotty,4,1,0.25,0.0,0.0,0,13.9791666667,1.75,3.25,0.675,0.25,0.5,0.25,3.0,3.75,0.85425,0.75,1.0,1.75,3.0,0.25,0.0,0.75,1.75,6.75,6.6,1.75,0.0,/players/c/crottjo01.html,0
CHH,E,Eldridge Recasner,1,1,1.0,0.0,0.0,0,2.03333333333,0.0,0.0,0.0,0.0,0.0,0.0,0.0,0.0,0.0,0.0,0.0,0.0,0.0,0.0,0.0,0.0,1.0,0.0,-0.4,-2.0,0.0,/players/r/recasel01.html,0
SAS,W,Cherokee Parks,2,1,0.5,0.0,0.0,0,4.06666666667,0.0,2.0,0.0,0.0,0.0,0.0,0.0,0.0,0.0,0.0,1.0,1.0,0.0,0.0,0.0,0.0,0.0,0.0,-1.1,2.0,0.0,/players/p/parksch02.html,0
NJN,E,Brandon Armstrong,1,0,0.0,0.0,0.0,0,7.11666666667,0.0,5.0,0.0,0.0,0.0,0.0,1.0,2.0,0.5,0.0,0.0,0.0,0.0,1.0,0.0,0.0,0.0,1.0,-1.9,5.0,0.0,/players/a/armstbr01.html,0
MIL,E,Ervin Johnson,3,3,1.0,0.0,0.0,0,23.0444444444,0.333333333333,1.0,0.166666666667,0.0,0.0,0.0,0.333333333333,1.0,0.166666666667,1.0,3.33333333333,4.33333333333,0.0,0.666666666667,1.66666666667,1.0,3.0,1.0,1.5,7.33333333333,0.0,/players/j/johnser02.html,0
SAS,W,Tony Parker,4,2,0.5,0.0,0.0,0,19.5708333333,3.0,7.5,0.41675,1.25,3.0,0.29175,1.5,2.5,0.4375,1.0,1.25,2.25,2.75,1.0,0.0,1.25,1.25,8.75,6.55,3.25,0.0,/players/p/parketo01.html,0
DEN,W,Voshon Lenard,1,0,0.0,0.0,0.0,0,12.2,0.0,2.0,0.0,0.0,2.0,0.0,0.0,0.0,0.0,0.0,1.0,1.0,2.0,0.0,0.0,0.0,0.0,0.0,0.3,1.0,0.0,/players/l/lenarvo01.html,0
MIL,E,Jason Caffey,3,3,1.0,0.0,0.0,0,11.1833333333,1.33333333333,3.0,0.311,0.0,0.333333333333,0.0,1.33333333333,2.33333333333,0.361,1.0,1.0,2.0,0.0,0.333333333333,0.0,1.66666666667,1.66666666667,4.0,1.03333333333,-8.33333333333,0.0,/players/c/caffeja01.html,0
CHH,E,Bryce Drew,2,1,0.5,0.0,0.0,0,5.08333333333,0.0,0.5,0.0,0.0,0.0,0.0,0.0,0.0,0.0,0.0,1.0,1.0,1.0,0.5,0.0,0.0,2.0,0.0,0.35,-5.0,0.0,/players/d/drewbr01.html,0
UTA,W,Scott Padgett,2,1,0.5,0.0,0.0,0,1.01666666667,0.0,0.5,0.0,0.0,0.0,0.0,0.0,0.0,0.0,1.0,0.5,1.5,0.0,0.0,0.0,0.0,0.0,0.0,0.5,-1.0,0.0,/players/p/padgesc01.html,0
DEN,W,James Posey,3,1,0.3333333333333333,0.0,0.0,3,36.2611111111,5.0,10.0,0.548,0.666666666667,1.66666666667,0.416666666667,2.66666666667,3.66666666667,0.452333333333,2.66666666667,5.33333333333,8.0,3.0,1.66666666667,0.333333333333,1.0,3.33333333333,13.3333333333,13.0666666667,1.0,0.0,/players/p/poseyja01.html,0
BOS,E,Erick Strickland,2,1,0.5,0.0,0.0,0,13.2166666667,1.0,3.5,0.25,0.5,1.0,0.25,0.0,0.0,0.0,0.0,0.5,0.5,2.0,0.0,0.0,0.5,0.5,2.5,1.3,-2.0,0.0,/players/s/stricer01.html,0
MIL,E,Mark Pope,3,3,1.0,0.0,0.0,2,13.8944444444,0.666666666667,2.0,0.277666666667,0.0,0.333333333333,0.0,0.0,0.0,0.0,0.666666666667,1.0,1.66666666667,0.666666666667,0.0,0.666666666667,0.333333333333,1.66666666667,1.33333333333,0.9,-1.66666666667,0.0,/players/p/popema01.html,0
ORL,E,Andrew DeClercq,3,2,0.6666666666666666,0.0,0.0,3,13.8944444444,1.0,2.0,0.333333333333,0.0,0.0,0.0,1.66666666667,2.0,0.583333333333,1.66666666667,1.66666666667,3.33333333333,1.0,1.0,0.666666666667,0.333333333333,4.0,3.66666666667,4.43333333333,7.33333333333,0.0,/players/d/declean01.html,0
TOR,E,Michael Bradley,4,2,0.5,0.0,0.0,0,4.32083333333,0.0,0.25,0.0,0.0,0.25,0.0,0.25,1.0,0.0625,0.0,0.25,0.25,0.0,0.0,0.0,0.5,0.25,0.25,-0.75,-2.25,0.0,/players/b/bradlmi01.html,0
SEA,W,Vin Baker,3,1,0.3333333333333333,0.0,0.0,3,33.55,6.33333333333,14.0,0.437666666667,0.0,0.333333333333,0.0,0.333333333333,1.33333333333,0.0833333333333,3.0,4.0,7.0,1.0,0.666666666667,1.0,1.66666666667,5.0,13.0,7.03333333333,-1.33333333333,0.0,/players/b/bakervi01.html,0
SAS,W,Tim Duncan,4,2,0.5,0.0,0.0,4,40.6666666667,6.5,15.0,0.433,0.0,0.0,0.0,7.75,9.5,0.85175,3.5,10.0,13.5,3.25,0.25,3.75,3.0,2.75,20.75,18.65,3.25,0.0,/players/d/duncati01.html,0
TOR,E,Morris Peterson,4,2,0.5,0.0,0.0,4,36.8541666667,6.5,13.75,0.447,0.75,3.5,0.16675,3.5,4.75,0.73625,2.25,2.25,4.5,2.75,1.0,0.0,1.75,3.25,17.25,11.85,-1.5,0.0,/players/p/petermo01.html,0
LAC,W,Keyon Dooling,3,0,0.0,0.0,0.0,0,17.6222222222,2.0,5.66666666667,0.268,0.333333333333,1.33333333333,0.166666666667,0.666666666667,0.666666666667,0.333333333333,0.0,0.333333333333,0.333333333333,1.0,0.333333333333,0.333333333333,1.0,3.0,5.0,1.0,2.0,0.0,/players/d/doolike01.html,0
NYK,E,Kurt Thomas,3,1,0.3333333333333333,0.0,0.0,3,30.8388888889,4.0,8.0,0.493333333333,0.0,0.0,0.0,4.33333333333,4.66666666667,0.944333333333,3.66666666667,5.33333333333,9.0,1.0,0.666666666667,0.666666666667,3.33333333333,3.66666666667,12.3333333333,9.4,0.0,0.0,/players/t/thomaku01.html,0
DAL,W,Juwan Howard,4,3,0.75,0.0,0.0,4,37.6166666667,7.0,13.0,0.4895,0.0,0.0,0.0,3.0,4.75,0.6875,3.0,6.0,9.0,2.25,1.25,0.5,2.0,3.0,17.0,13.875,-0.5,0.0,/players/h/howarju01.html,0
GSW,W,Antawn Jamison,4,2,0.5,0.0,0.0,4,40.1583333333,8.5,20.0,0.43375,0.5,1.0,0.25,6.0,8.5,0.7605,4.5,4.75,9.25,2.75,0.25,0.75,1.5,1.25,23.5,17.175,-2.0,0.0,/players/j/jamisan01.html,0
TOR,E,Antonio Davis,4,2,0.5,0.0,0.0,4,34.0583333333,4.25,9.25,0.478,0.0,0.0,0.0,4.0,6.75,0.374,3.25,6.75,10.0,0.25,0.0,1.5,3.25,3.5,12.5,7.5,0.25,0.0,/players/d/davisan01.html,0
CLE,E,Ricky Davis,4,1,0.25,0.0,0.0,0,12.7083333333,3.25,7.75,0.38475,0.0,0.25,0.0,2.0,2.25,0.66675,0.5,1.75,2.25,1.0,0.25,0.25,1.0,1.0,8.5,4.875,-3.5,0.0,/players/d/davisri01.html,0
TOR,E,Keon Clark,4,2,0.5,0.0,0.0,0,16.5208333333,3.25,5.75,0.55925,0.0,0.0,0.0,1.5,2.0,0.5,2.25,2.75,5.0,0.5,0.75,1.25,1.75,4.75,8.0,5.8,-1.0,0.0,/players/c/clarkke01.html,0
PHO,W,Tony Delk,2,1,0.5,0.0,0.0,0,19.825,4.0,9.0,0.4,1.0,3.5,0.1665,3.0,3.5,0.9165,0.0,2.5,2.5,3.0,0.5,0.0,1.0,2.0,12.0,8.65,3.5,0.0,/players/d/delkto01.html,0
ORL,E,Patrick Ewing,3,2,0.6666666666666666,0.0,0.0,0,17.6222222222,2.33333333333,5.0,0.597333333333,0.0,0.0,0.0,1.33333333333,1.33333333333,0.666666666667,1.0,4.33333333333,5.33333333333,0.666666666667,0.666666666667,1.66666666667,2.0,3.0,6.0,4.53333333333,3.0,0.0,/players/e/ewingpa01.html,0
MEM,W,Nick Anderson,3,0,0.0,0.0,0.0,0,21.0111111111,2.33333333333,7.33333333333,0.295333333333,1.0,4.66666666667,0.222333333333,0.666666666667,1.0,0.333333333333,0.0,3.66666666667,3.66666666667,1.66666666667,0.0,0.666666666667,1.66666666667,2.33333333333,6.33333333333,2.13333333333,-5.33333333333,0.0,/players/a/anderni01.html,0
IND,E,Primoz Brezec,1,0,0.0,0.0,0.0,0,2.03333333333,0.0,0.0,0.0,0.0,0.0,0.0,0.0,0.0,0.0,0.0,0.0,0.0,0.0,0.0,0.0,0.0,0.0,0.0,0.0,-2.0,0.0,/players/b/brezepr01.html,0
HOU,W,Kelvin Cato,4,3,0.75,0.0,0.0,4,25.1625,2.5,5.75,0.41775,0.0,0.0,0.0,1.25,3.0,0.3155,1.0,6.25,7.25,0.25,0.0,1.25,0.75,4.25,6.25,3.7,0.0,0.0,/players/c/catoke01.html,0
DEN,W,Ryan Bowen,2,0,0.0,0.0,0.0,0,13.2166666667,1.5,2.5,0.5835,0.0,0.0,0.0,0.0,0.0,0.0,1.0,0.5,1.5,0.0,0.5,0.0,0.0,1.0,3.0,2.8,7.5,0.0,/players/b/bowenry01.html,0
SAC,W,Vlade Divac,3,3,1.0,0.0,0.0,3,35.5833333333,7.66666666667,14.3333333333,0.489,0.333333333333,0.333333333333,0.333333333333,5.66666666667,11.0,0.560666666667,3.33333333333,4.33333333333,7.66666666667,7.0,0.666666666667,0.333333333333,2.33333333333,2.0,21.3333333333,18.5333333333,6.0,0.0,/players/d/divacvl01.html,0
CLE,E,Bryant Stith,3,1,0.3333333333333333,0.0,0.0,0,15.25,1.33333333333,4.33333333333,0.206333333333,0.666666666667,2.33333333333,0.166666666667,1.0,1.33333333333,0.25,0.0,2.0,2.0,1.33333333333,0.333333333333,0.0,0.666666666667,0.666666666667,4.33333333333,2.63333333333,-6.66666666667,0.0,/players/s/stithbr01.html,0
POR,W,Shawn Kemp,4,1,0.25,0.0,0.0,0,17.5375,3.25,5.75,0.6,0.0,0.0,0.0,1.5,1.5,0.5,1.0,4.0,5.0,0.0,0.75,0.75,2.5,4.75,8.0,4.05,-3.0,0.0,/players/k/kempsh01.html,0
DEN,W,George McCloud,3,1,0.3333333333333333,0.0,0.0,0,26.0944444444,1.33333333333,8.0,0.166666666667,0.0,3.33333333333,0.0,5.33333333333,5.33333333333,1.0,0.333333333333,2.33333333333,2.66666666667,1.66666666667,1.0,0.0,1.33333333333,3.0,8.0,3.5,-8.33333333333,0.0,/players/m/mccloge01.html,0
MEM,W,Tony Massenburg,3,0,0.0,0.0,0.0,0,7.11666666667,0.666666666667,1.66666666667,0.277666666667,0.0,0.0,0.0,0.0,0.666666666667,0.0,0.0,1.66666666667,1.66666666667,0.0,0.333333333333,1.0,0.666666666667,1.0,1.33333333333,0.633333333333,-2.33333333333,0.0,/players/m/masseto01.html,0
CLE,E,Lamond Murray,3,0,0.0,0.0,0.0,2,17.2833333333,2.66666666667,7.0,0.305666666667,0.0,0.666666666667,0.0,0.333333333333,1.0,0.166666666667,0.666666666667,2.33333333333,3.0,1.0,1.33333333333,0.666666666667,1.0,2.0,5.66666666667,3.43333333333,-6.0,0.0,/players/m/murrala01.html,0
MEM,W,Grant Long,3,0,0.0,0.0,0.0,0,7.11666666667,0.0,1.33333333333,0.0,0.0,0.0,0.0,0.0,0.0,0.0,0.333333333333,0.333333333333,0.666666666667,0.666666666667,0.333333333333,0.0,0.0,0.333333333333,0.0,0.0666666666667,-5.0,0.0,/players/l/longgr01.html,0
PHI,E,Derrick Coleman,3,0,0.0,0.0,0.0,3,38.9722222222,5.0,12.6666666667,0.372,0.333333333333,2.0,0.111,3.66666666667,6.33333333333,0.592333333333,1.66666666667,9.0,10.6666666667,1.33333333333,1.0,0.666666666667,4.33333333333,3.66666666667,14.0,6.53333333333,-7.66666666667,0.0,/players/c/colemde01.html,0
PHO,W,Jake Tsakalidis,3,1,0.3333333333333333,0.0,0.0,0,28.1277777778,3.33333333333,6.33333333333,0.444666666667,0.0,0.0,0.0,1.66666666667,2.33333333333,0.75,1.66666666667,2.66666666667,4.33333333333,0.0,0.666666666667,0.333333333333,1.66666666667,3.0,8.33333333333,4.96666666667,6.66666666667,0.0,/players/t/tsakaja01.html,0
SEA,W,Jerome James,3,1,0.3333333333333333,0.0,0.0,1,15.9277777778,2.66666666667,6.33333333333,0.407666666667,0.0,0.0,0.0,0.333333333333,1.0,0.333333333333,1.0,1.33333333333,2.33333333333,0.0,1.0,1.66666666667,0.666666666667,3.66666666667,5.66666666667,3.16666666667,-1.0,0.0,/players/j/jamesje01.html,0
PHO,W,Stephon Marbury,4,1,0.25,0.0,0.0,4,39.9041666667,8.0,16.5,0.47925,1.25,4.0,0.36925,4.25,5.5,0.80575,0.5,0.75,1.25,9.0,1.0,0.25,3.0,2.75,21.5,16.6,-4.5,0.0,/players/m/marbust01.html,0
TOR,E,Tracy Murray,4,2,0.5,0.0,0.0,0,7.87916666667,1.75,3.5,0.48225,0.5,1.25,0.20825,0.5,0.5,0.25,0.5,0.25,0.75,0.5,0.0,0.0,0.25,0.75,4.5,2.975,-1.25,0.0,/players/m/murratr01.html,0
LAC,W,Michael Olowokandi,3,0,0.0,0.0,0.0,3,26.7722222222,3.33333333333,8.0,0.416666666667,0.0,0.0,0.0,0.333333333333,1.33333333333,0.166666666667,1.0,6.33333333333,7.33333333333,0.666666666667,0.333333333333,1.33333333333,1.33333333333,4.0,7.0,3.73333333333,-2.33333333333,0.0,/players/o/olowomi01.html,0
CHI,E,Ron Mercer,3,1,0.3333333333333333,0.0,0.0,3,42.7,8.33333333333,19.0,0.436666666667,1.33333333333,3.0,0.333333333333,2.33333333333,4.33333333333,0.611,0.333333333333,3.0,3.33333333333,3.66666666667,1.0,0.666666666667,3.66666666667,2.66666666667,20.3333333333,10.0,-5.33333333333,0.0,/players/m/mercero01.html,0
POR,W,Dale Davis,4,1,0.25,0.0,0.0,4,26.9416666667,2.0,4.5,0.425,0.0,0.0,0.0,1.0,1.5,0.5,2.25,4.5,6.75,1.25,0.5,1.75,0.75,3.75,5.0,5.725,-8.0,0.0,/players/d/davisda01.html,0
WAS,E,Courtney Alexander,4,2,0.5,0.0,0.0,1,19.3166666667,2.25,7.25,0.302,0.0,0.25,0.0,1.0,1.5,0.3125,1.0,1.25,2.25,0.75,0.75,0.5,0.25,1.25,5.5,3.075,-5.0,0.0,/players/a/alexaco02.html,0
TOR,E,Chris Childs,4,2,0.5,0.0,0.0,0,22.1125,2.75,5.0,0.61875,1.25,3.0,0.55,1.5,1.5,0.25,0.0,2.0,2.0,5.75,1.0,0.0,2.0,2.5,8.25,8.475,-1.5,0.0,/players/c/childch01.html,0
LAL,W,Brian Shaw,1,1,1.0,0.0,0.0,0,15.25,0.0,2.0,0.0,0.0,1.0,0.0,0.0,0.0,0.0,0.0,7.0,7.0,4.0,0.0,0.0,1.0,0.0,0.0,2.5,11.0,0.0,/players/s/shawbr01.html,0
DET,E,Victor Alexander,1,1,1.0,0.0,0.0,0,6.1,1.0,4.0,0.25,0.0,0.0,0.0,0.0,0.0,0.0,0.0,1.0,1.0,0.0,0.0,0.0,0.0,0.0,2.0,-0.1,-3.0,0.0,/players/a/alexavi01.html,0
NJN,E,Keith Van Horn,4,3,0.75,0.0,0.0,4,33.2958333333,6.25,14.25,0.414,2.75,5.0,0.399,2.25,2.75,0.625,1.0,5.25,6.25,2.25,0.75,0.0,3.75,2.5,17.5,9.675,1.25,0.0,/players/v/vanhoke01.html,0
MIA,E,Alonzo Mourning,3,1,0.3333333333333333,0.0,0.0,3,33.55,7.66666666667,16.3333333333,0.469333333333,0.0,0.0,0.0,6.33333333333,8.66666666667,0.800666666667,3.66666666667,6.66666666667,10.3333333333,1.0,0.0,3.33333333333,2.66666666667,3.0,21.6666666667,16.1,-2.0,0.0,/players/m/mournal01.html,0
HOU,W,Cuttino Mobley,4,3,0.75,0.0,0.0,4,46.0041666667,8.5,17.0,0.5275,3.75,4.75,0.77675,1.5,2.25,0.66675,1.5,4.0,5.5,3.25,2.0,0.5,2.75,2.0,22.25,16.775,5.25,0.0,/players/m/moblecu01.html,0
UTA,W,Greg Ostertag,4,1,0.25,0.0,0.0,4,16.0125,1.25,3.25,0.325,0.0,0.0,0.0,1.5,2.5,0.3335,0.75,2.75,3.5,0.25,0.0,1.5,0.5,2.25,4.0,3.0,-4.0,0.0,/players/o/ostergr01.html,0
MEM,W,Jason Williams,3,0,0.0,0.0,0.0,3,36.2611111111,6.0,15.0,0.4,0.666666666667,5.0,0.166666666667,3.33333333333,4.0,0.833333333333,0.0,4.33333333333,4.33333333333,6.0,2.33333333333,0.666666666667,5.33333333333,1.0,16.0,10.2,-5.0,0.0,/players/w/willija02.html,0
BOS,E,Joseph Forte,1,1,1.0,0.0,0.0,0,13.2166666667,0.0,2.0,0.0,0.0,1.0,0.0,2.0,2.0,1.0,0.0,1.0,1.0,2.0,0.0,0.0,2.0,0.0,2.0,0.3,-14.0,0.0,/players/f/fortejo01.html,0
DEN,W,Shawnelle Scott,3,1,0.3333333333333333,0.0,0.0,0,10.1666666667,1.33333333333,2.33333333333,0.611,0.0,0.0,0.0,0.333333333333,1.66666666667,0.333333333333,2.0,1.0,3.0,0.0,0.333333333333,0.333333333333,0.333333333333,2.33333333333,3.0,2.36666666667,-2.33333333333,0.0,/players/s/scottsh01.html,0
NJN,E,Kerry Kittles,4,3,0.75,0.0,0.0,4,31.5166666667,5.0,14.5,0.32075,1.75,4.0,0.41675,2.0,2.75,0.54175,2.75,2.0,4.75,3.0,1.5,0.25,1.0,2.5,13.75,9.6,6.25,0.0,/players/k/kittlke01.html,0
HOU,W,Terence Morris,1,1,1.0,0.0,0.0,0,7.11666666667,0.0,2.0,0.0,0.0,0.0,0.0,2.0,2.0,1.0,1.0,0.0,1.0,0.0,0.0,0.0,0.0,1.0,2.0,0.9,-6.0,0.0,/players/m/morrite01.html,0
MEM,W,Shane Battier,3,0,0.0,0.0,0.0,3,37.9555555556,4.66666666667,11.3333333333,0.418,2.0,5.66666666667,0.266666666667,2.0,3.33333333333,0.583333333333,2.0,3.33333333333,5.33333333333,2.66666666667,2.0,0.0,2.33333333333,4.0,13.3333333333,9.06666666667,-3.33333333333,0.0,/players/b/battish01.html,0
HOU,W,Kevin Willis,4,3,0.75,0.0,0.0,0,24.6541666667,4.25,9.0,0.49,0.0,0.25,0.0,1.75,2.25,0.54175,2.75,8.0,10.75,0.5,0.25,1.0,1.0,2.0,10.25,9.275,3.25,0.0,/players/w/willike02.html,0
MIN,W,Kevin Garnett,3,3,1.0,0.0,0.0,3,40.3277777778,10.6666666667,21.6666666667,0.476,0.0,0.666666666667,0.0,5.0,6.33333333333,0.889,2.66666666667,8.33333333333,11.0,5.0,1.66666666667,1.33333333333,3.66666666667,3.33333333333,26.3333333333,20.3666666667,4.0,0.0,/players/g/garneke01.html,0
DEN,W,Zendon Hamilton,1,0,0.0,0.0,0.0,0,6.1,0.0,1.0,0.0,0.0,0.0,0.0,1.0,2.0,0.5,0.0,1.0,1.0,0.0,0.0,0.0,0.0,1.0,1.0,-0.2,3.0,0.0,/players/h/hamilze01.html,0
IND,E,Austin Croshere,4,2,0.5,0.0,0.0,0,23.8916666667,2.25,7.25,0.27425,0.75,1.75,0.41675,4.0,4.25,0.96875,1.0,4.5,5.5,2.25,0.75,0.5,1.75,2.25,9.25,7.05,5.25,0.0,/players/c/croshau01.html,0
DET,E,Jerry Stackhouse,4,3,0.75,0.0,0.0,4,36.6,9.0,19.5,0.46825,1.25,4.0,0.3125,9.0,10.5,0.9055,1.25,3.5,4.75,4.0,1.0,0.5,3.0,3.0,28.25,19.475,10.25,0.0,/players/s/stackje01.html,0
CHI,E,Eddy Curry,3,1,0.3333333333333333,0.0,0.0,0,11.1833333333,2.33333333333,4.66666666667,0.627,0.0,0.0,0.0,0.0,0.666666666667,0.0,0.666666666667,1.66666666667,2.33333333333,1.0,0.0,0.333333333333,0.333333333333,1.66666666667,4.66666666667,2.96666666667,-2.33333333333,0.0,/players/c/curryed01.html,0
WAS,E,Michael Jordan,4,2,0.5,0.0,0.0,4,34.8208333333,8.75,22.5,0.38575,0.0,1.5,0.0,4.75,6.0,0.83325,1.25,5.0,6.25,5.75,2.25,0.25,1.75,1.75,22.25,15.875,-3.25,0.0,/players/j/jordami01.html,0
SAS,W,Amal McCaskill,3,2,0.6666666666666666,0.0,0.0,0,8.81111111111,0.666666666667,1.66666666667,0.133333333333,0.0,0.0,0.0,0.0,0.333333333333,0.0,1.0,0.333333333333,1.33333333333,0.333333333333,0.666666666667,1.0,0.666666666667,2.0,1.33333333333,1.23333333333,-0.666666666667,0.0,/players/m/mccasam01.html,0
POR,W,Steve Kerr,4,1,0.25,0.0,0.0,0,19.0625,1.5,3.75,0.35825,0.25,1.0,0.25,1.5,1.5,0.5,0.0,2.0,2.0,1.0,0.0,0.0,0.0,1.75,4.75,3.325,-0.5,0.0,/players/k/kerrst01.html,0
DEN,W,Nick Van Exel,3,1,0.3333333333333333,0.0,0.0,3,39.9888888889,12.3333333333,26.3333333333,0.463,3.33333333333,7.33333333333,0.415,6.33333333333,7.0,0.904666666667,0.666666666667,5.33333333333,6.0,8.0,0.0,0.333333333333,3.66666666667,2.0,34.3333333333,24.0,-2.66666666667,0.0,/players/v/vanexni01.html,0
DAL,W,Shawn Bradley,4,3,0.75,0.0,0.0,1,25.4166666667,1.25,3.0,0.475,0.0,0.0,0.0,2.25,2.25,0.5,0.25,4.25,4.5,1.0,0.75,1.25,0.75,3.75,4.75,4.675,3.0,0.0,/players/b/bradlsh01.html,0
DET,E,Corliss Williamson,2,2,1.0,0.0,0.0,0,17.7916666667,3.5,6.5,0.548,0.0,0.0,0.0,8.0,9.0,0.883,1.5,2.0,3.5,1.5,1.0,0.0,2.5,2.5,15.0,11.65,5.0,0.0,/players/w/willico02.html,0
MIN,W,Joe Smith,3,3,1.0,0.0,0.0,3,29.1444444444,3.66666666667,7.0,0.517666666667,0.0,0.0,0.0,3.66666666667,4.66666666667,0.75,1.0,3.66666666667,4.66666666667,1.0,0.333333333333,0.333333333333,0.666666666667,4.0,11.0,7.96666666667,3.33333333333,0.0,/players/s/smithjo02.html,0
SAS,W,Stephen Jackson,3,2,0.6666666666666666,0.0,0.0,0,6.1,1.0,3.0,0.111,0.0,0.0,0.0,0.0,0.0,0.0,0.333333333333,0.666666666667,1.0,0.666666666667,0.666666666667,0.0,0.333333333333,0.333333333333,2.0,1.4,-2.66666666667,0.0,/players/j/jacksst02.html,0
LAL,W,Kobe Bryant,4,4,1.0,0.0,0.0,4,42.7,11.0,20.25,0.555,0.5,1.0,0.33325,10.0,12.25,0.81225,1.75,4.5,6.25,7.0,2.75,1.0,4.0,3.0,32.5,27.55,8.25,0.0,/players/b/bryanko01.html,1
ATL,E,Dion Glover,3,1,0.3333333333333333,0.0,0.0,2,19.6555555556,3.66666666667,6.66666666667,0.552666666667,0.0,0.666666666667,0.0,1.33333333333,2.0,0.416666666667,0.666666666667,1.0,1.66666666667,0.333333333333,1.33333333333,0.333333333333,1.33333333333,1.33333333333,8.66666666667,5.9,-6.33333333333,0.0,/players/g/glovedi01.html,0
UTA,W,Andrei Kirilenko,4,1,0.25,0.0,0.0,0,23.6375,3.25,7.25,0.45525,0.5,1.5,0.20825,3.0,4.75,0.58025,2.25,4.25,6.5,0.25,0.75,1.25,0.25,2.75,10.0,8.825,9.5,0.0,/players/k/kirilan01.html,0
HOU,W,Glen Rice,4,3,0.75,0.0,0.0,4,28.975,3.5,9.75,0.3505,0.25,3.25,0.08325,0.25,0.5,0.25,0.25,1.5,1.75,1.0,0.75,0.25,0.25,2.25,7.5,3.075,0.25,0.0,/players/r/ricegl01.html,0
IND,E,Carlos Rogers,1,0,0.0,0.0,0.0,0,7.11666666667,1.0,1.0,1.0,0.0,0.0,0.0,0.0,0.0,0.0,1.0,0.0,1.0,0.0,0.0,0.0,0.0,2.0,2.0,1.6,2.0,0.0,/players/r/rogerca01.html,0
BOS,E,Joe Johnson,4,2,0.5,0.0,0.0,1,28.4666666667,4.75,8.25,0.54475,1.5,3.0,0.29175,1.0,1.5,0.3125,0.5,1.75,2.25,2.5,0.5,0.5,0.25,1.0,12.0,10.75,2.0,0.0,/players/j/johnsjo02.html,0
ATL,E,Jacque Vaughn,3,1,0.3333333333333333,0.0,0.0,0,15.9277777778,0.0,5.0,0.0,0.0,0.0,0.0,1.0,2.0,0.25,0.0,1.0,1.0,4.0,0.333333333333,0.0,1.0,0.666666666667,1.0,-0.733333333333,-2.33333333333,0.0,/players/v/vaughja01.html,0
CHH,E,Stacey Augmon,3,2,0.6666666666666666,0.0,0.0,0,8.47222222222,0.666666666667,2.0,0.5,0.0,0.0,0.0,0.0,0.0,0.0,0.666666666667,0.666666666667,1.33333333333,0.0,0.333333333333,0.0,1.0,1.0,1.33333333333,-0.2,-6.0,0.0,/players/a/augmost01.html,0
LAL,W,Robert Horry,4,4,1.0,0.0,0.0,0,29.7375,1.75,4.25,0.41675,0.5,1.75,0.16675,1.5,2.0,0.5625,1.0,2.5,3.5,2.25,1.75,1.25,1.25,3.75,5.5,5.925,2.75,0.0,/players/h/horryro01.html,0
MIL,E,Tim Thomas,3,3,1.0,0.0,0.0,0,27.45,3.66666666667,8.66666666667,0.414,0.333333333333,2.66666666667,0.166666666667,2.33333333333,3.0,0.722333333333,1.0,2.33333333333,3.33333333333,2.0,0.0,1.0,1.33333333333,3.0,10.0,6.1,-3.66666666667,0.0,/players/t/thomati01.html,0
MIA,E,Brian Grant,3,1,0.3333333333333333,0.0,0.0,3,33.55,5.33333333333,10.6666666667,0.477666666667,0.0,0.0,0.0,2.66666666667,3.0,0.6,2.33333333333,5.0,7.33333333333,1.66666666667,0.666666666667,0.666666666667,2.66666666667,3.66666666667,13.3333333333,9.16666666667,-3.33333333333,0.0,/players/g/grantbr01.html,0
LAL,W,Rick Fox,4,4,1.0,0.0,0.0,4,31.0083333333,2.75,6.0,0.39275,0.75,3.25,0.20825,0.0,0.0,0.0,1.0,5.5,6.5,2.75,0.75,0.5,2.0,3.75,6.25,5.025,1.5,0.0,/players/f/foxri01.html,0
DAL,W,Tim Hardaway,4,3,0.75,0.0,0.0,2,30.5,4.0,11.0,0.35825,1.75,6.5,0.21875,2.5,3.0,0.6875,0.0,2.0,2.0,6.25,1.25,0.25,2.5,1.25,12.25,9.35,0.25,0.0,/players/h/hardati01.html,0
SAS,W,Terry Porter,4,2,0.5,0.0,0.0,0,18.5541666667,2.75,6.25,0.44675,1.25,3.25,0.28325,1.5,2.0,0.5835,0.0,1.75,1.75,3.5,0.0,0.25,1.0,2.0,8.25,6.125,3.0,0.0,/players/p/portete01.html,0
SAC,W,Brent Price,2,2,1.0,0.0,0.0,0,2.54166666667,0.5,1.5,0.1665,0.0,0.5,0.0,0.0,0.0,0.0,0.5,0.0,0.5,0.5,0.0,0.0,0.5,0.5,1.0,0.15,-4.0,0.0,/players/p/pricebr01.html,0
MEM,W,Michael Dickerson,3,0,0.0,0.0,0.0,3,31.5166666667,3.33333333333,13.3333333333,0.229666666667,2.0,6.33333333333,0.317666666667,0.666666666667,0.666666666667,0.333333333333,0.666666666667,2.66666666667,3.33333333333,2.0,0.0,0.333333333333,2.33333333333,3.33333333333,9.33333333333,0.566666666667,-5.0,0.0,/players/d/dickemi01.html,0
ATL,E,Nazr Mohammed,3,1,0.3333333333333333,0.0,0.0,1,24.4,3.0,5.66666666667,0.375,0.0,0.0,0.0,2.33333333333,3.33333333333,0.5,2.33333333333,5.66666666667,8.0,0.0,1.33333333333,0.333333333333,0.333333333333,2.33333333333,8.33333333333,8.8,3.66666666667,0.0,/players/m/mohamna01.html,0
SEA,W,Calvin Booth,2,1,0.5,0.0,0.0,2,19.3166666667,3.0,6.0,0.4855,0.0,0.0,0.0,1.0,1.0,0.5,1.5,3.5,5.0,1.0,0.0,0.0,0.5,2.0,7.0,5.5,-2.5,0.0,/players/b/boothca01.html,0
MIL,E,Sam Cassell,3,3,1.0,0.0,0.0,3,36.9388888889,6.33333333333,14.6666666667,0.426333333333,2.33333333333,5.0,0.476333333333,5.66666666667,5.66666666667,1.0,0.666666666667,2.33333333333,3.0,9.33333333333,2.66666666667,0.0,2.66666666667,3.33333333333,20.6666666667,19.3,7.0,0.0,/players/c/cassesa01.html,0
DET,E,Dana Barros,4,3,0.75,0.0,0.0,4,28.2125,3.5,8.25,0.44725,1.75,3.25,0.4895,1.0,1.0,0.5,0.0,4.0,4.0,5.25,0.25,0.0,0.75,1.5,9.75,9.15,11.75,0.0,/players/b/barroda01.html,0
CLE,E,Jumaine Jones,4,1,0.25,0.0,0.0,2,33.0416666667,5.0,11.75,0.42375,0.5,2.0,0.08325,0.0,0.5,0.0,1.0,5.0,6.0,2.0,0.75,0.0,2.25,2.75,10.5,5.075,-9.0,0.0,/players/j/jonesju01.html,0
MIA,E,Anthony Carter,3,1,0.3333333333333333,0.0,0.0,3,30.1611111111,4.33333333333,8.33333333333,0.529,0.0,0.333333333333,0.0,1.33333333333,2.33333333333,0.361,1.0,2.66666666667,3.66666666667,5.66666666667,1.33333333333,0.333333333333,2.0,4.0,10.0,8.93333333333,-3.66666666667,0.0,/players/c/cartean01.html,0
CHH,E,David Wesley,3,2,0.6666666666666666,0.0,0.0,3,41.3444444444,6.0,13.0,0.455666666667,2.33333333333,4.66666666667,0.5,2.66666666667,3.66666666667,0.426,0.0,2.0,2.0,3.0,1.33333333333,0.666666666667,2.0,1.66666666667,17.0,11.7333333333,6.66666666667,0.0,/players/w/wesleda01.html,0
GSW,W,Gilbert Arenas,1,1,1.0,0.0,0.0,0,3.05,0.0,3.0,0.0,0.0,0.0,0.0,0.0,0.0,0.0,0.0,0.0,0.0,0.0,0.0,0.0,0.0,1.0,0.0,-2.5,-7.0,0.0,/players/a/arenagi01.html,0
BOS,E,Tony Battie,4,2,0.5,0.0,0.0,4,22.3666666667,2.75,4.0,0.68775,0.0,0.0,0.0,2.0,2.75,0.625,2.75,3.25,6.0,0.75,0.0,0.25,0.5,2.75,7.5,7.5,-0.75,0.0,/players/b/battito01.html,0
MEM,W,Brevin Knight,2,0,0.0,0.0,0.0,0,13.725,0.5,1.5,0.5,0.0,0.0,0.0,1.5,1.5,0.5,0.5,1.5,2.0,2.5,0.0,0.5,0.5,2.5,2.5,3.05,-8.0,0.0,/players/k/knighbr01.html,0
SEA,W,Brent Barry,3,1,0.3333333333333333,0.0,0.0,3,41.0055555556,5.0,8.0,0.628666666667,2.0,2.66666666667,0.777666666667,5.66666666667,7.0,0.869,1.66666666667,5.0,6.66666666667,6.0,2.0,0.333333333333,2.0,3.0,17.6666666667,19.4333333333,-3.33333333333,0.0,/players/b/barrybr01.html,0
POR,W,Bonzi Wells,4,1,0.25,0.0,0.0,3,35.075,9.25,17.25,0.517,1.5,2.5,0.5625,4.0,5.75,0.65525,0.25,3.25,3.5,2.0,1.0,0.75,2.0,2.75,24.0,15.9,-4.75,0.0,/players/w/wellsbo01.html,0
DEN,W,Raef LaFrentz,3,1,0.3333333333333333,0.0,0.0,3,25.7555555556,2.0,6.66666666667,0.277666666667,0.333333333333,1.66666666667,0.111,1.33333333333,2.66666666667,0.333333333333,0.666666666667,3.0,3.66666666667,0.333333333333,0.333333333333,2.0,1.0,3.33333333333,5.66666666667,2.26666666667,2.66666666667,0.0,/players/l/lafrera01.html,0
LAC,W,Sean Rooks,3,0,0.0,0.0,0.0,0,10.5055555556,0.333333333333,1.0,0.166666666667,0.0,0.0,0.0,0.666666666667,1.0,0.333333333333,0.666666666667,2.0,2.66666666667,0.0,0.0,0.0,0.666666666667,1.33333333333,1.33333333333,0.5,-1.66666666667,0.0,/players/r/rooksse01.html,0
PHI,E,Matt Harpring,3,0,0.0,0.0,0.0,3,39.3111111111,5.0,12.3333333333,0.422333333333,1.66666666667,2.66666666667,0.611,2.66666666667,3.0,0.555666666667,1.66666666667,2.33333333333,4.0,1.66666666667,1.0,0.0,3.33333333333,3.33333333333,14.3333333333,6.93333333333,-8.33333333333,0.0,/players/h/harprma01.html,0
MIN,W,Dean Garrett,1,1,1.0,0.0,0.0,0,7.11666666667,0.0,1.0,0.0,0.0,0.0,0.0,0.0,0.0,0.0,0.0,2.0,2.0,0.0,1.0,1.0,1.0,0.0,0.0,0.6,-3.0,0.0,/players/g/garrede01.html,0
DAL,W,Danny Manning,4,3,0.75,0.0,0.0,1,25.4166666667,3.25,6.5,0.616,0.0,0.25,0.0,0.5,1.0,0.25,1.25,4.5,5.75,1.0,1.5,0.75,1.5,3.0,7.0,5.8,-0.5,0.0,/players/m/mannida01.html,0
DET,E,Mikki Moore,3,2,0.6666666666666666,0.0,0.0,0,10.1666666667,1.33333333333,2.33333333333,0.5,0.0,0.0,0.0,0.0,0.0,0.0,0.666666666667,1.33333333333,2.0,0.0,0.333333333333,0.0,0.666666666667,2.0,2.66666666667,1.3,-4.66666666667,0.0,/players/m/mooremi01.html,0
CLE,E,Michael Doleac,4,1,0.25,0.0,0.0,4,23.1291666667,1.5,5.0,0.29175,0.0,0.0,0.0,2.25,2.5,0.875,1.25,5.25,6.5,1.0,0.5,0.25,1.25,3.25,5.25,3.525,-6.75,0.0,/players/d/doleami01.html,0
NJN,E,Richard Jefferson,4,3,0.75,0.0,0.0,0,23.3833333333,4.5,8.75,0.514,0.25,0.75,0.25,3.5,5.0,0.72025,1.5,2.75,4.25,1.75,0.0,0.75,1.75,3.25,12.75,8.4,-0.5,0.0,/players/j/jefferi01.html,0
CHI,E,Brad Miller,3,1,0.3333333333333333,0.0,0.0,3,28.1277777778,4.0,7.33333333333,0.511,0.0,0.0,0.0,5.0,7.33333333333,0.627,2.66666666667,6.0,8.66666666667,1.0,0.666666666667,1.33333333333,1.33333333333,4.0,13.0,11.5666666667,-9.66666666667,0.0,/players/m/millebr01.html,0
WAS,E,Tyronn Lue,2,1,0.5,0.0,0.0,0,16.2666666667,2.5,6.5,0.2275,0.5,1.0,0.25,0.0,0.0,0.0,0.0,1.5,1.5,1.5,0.0,0.0,1.0,0.5,5.5,2.25,-5.0,0.0,/players/l/luety01.html,0
LAL,W,Stanislav Medvedenko,4,4,1.0,0.0,0.0,0,8.3875,1.25,2.5,0.475,0.0,0.0,0.0,0.25,1.25,0.08325,0.0,1.0,1.0,0.25,0.5,0.0,0.25,1.25,2.75,1.325,3.5,0.0,/players/m/medvest01.html,0
MIN,W,Rasho Nesterovic,3,3,1.0,0.0,0.0,3,18.9777777778,2.33333333333,3.66666666667,0.583333333333,0.0,0.0,0.0,0.333333333333,0.666666666667,0.166666666667,1.33333333333,3.33333333333,4.66666666667,1.66666666667,0.666666666667,1.33333333333,0.666666666667,3.0,5.0,6.06666666667,1.0,0.0,/players/n/nestera01.html,0
UTA,W,Quincy Lewis,4,1,0.25,0.0,0.0,4,14.9958333333,2.75,5.0,0.52075,0.0,0.25,0.0,0.25,1.0,0.125,0.5,0.75,1.25,1.25,1.5,0.5,1.25,2.5,5.75,4.1,-0.25,0.0,/players/l/lewisqu01.html,0
TOR,E,Eric Montross,3,1,0.3333333333333333,0.0,0.0,0,10.8444444444,1.33333333333,3.0,0.3,0.0,0.0,0.0,0.0,0.0,0.0,0.333333333333,0.666666666667,1.0,0.0,0.666666666667,0.333333333333,1.0,2.66666666667,2.66666666667,0.366666666667,-1.0,0.0,/players/m/montrer01.html,0
NYK,E,Felton Spencer,3,1,0.3333333333333333,0.0,0.0,3,13.2166666667,0.666666666667,1.0,0.5,0.0,0.0,0.0,1.33333333333,3.0,0.444333333333,1.33333333333,0.666666666667,2.0,0.0,0.333333333333,1.0,0.333333333333,4.0,2.66666666667,1.8,2.0,0.0,/players/s/spencfe01.html,0
POR,W,Damon Stoudamire,4,1,0.25,0.0,0.0,4,40.6666666667,4.25,12.0,0.3535,0.75,3.5,0.38325,2.5,2.75,0.46875,1.25,2.25,3.5,8.75,1.5,0.25,2.0,1.5,11.75,11.7,-7.75,0.0,/players/s/stoudda01.html,0
SAC,W,Scot Pollard,3,3,1.0,0.0,0.0,3,29.1444444444,3.0,4.66666666667,0.738,0.0,0.0,0.0,1.33333333333,2.33333333333,0.416666666667,1.66666666667,6.66666666667,8.33333333333,1.0,0.666666666667,2.0,1.0,1.66666666667,7.33333333333,9.13333333333,9.66666666667,0.0,/players/p/pollasc01.html,0
ATL,E,Theo Ratliff,2,0,0.0,0.0,0.0,2,34.0583333333,5.0,9.0,0.5625,0.0,0.0,0.0,2.0,4.5,0.5,2.0,4.5,6.5,0.5,0.5,3.5,2.5,3.5,12.0,8.85,-8.5,0.0,/players/r/ratlith01.html,0
CHI,E,Dalibor Bagaric,2,1,0.5,0.0,0.0,0,8.64166666667,1.0,2.0,0.5,0.0,0.0,0.0,1.5,2.0,0.8335,1.0,1.5,2.5,0.0,0.0,1.0,1.0,4.0,3.5,1.55,1.5,0.0,/players/b/bagarda01.html,0
PHI,E,Matt Geiger,3,0,0.0,0.0,0.0,0,9.82777777778,0.333333333333,2.33333333333,0.0833333333333,0.0,0.0,0.0,0.333333333333,0.666666666667,0.166666666667,1.0,1.0,2.0,0.0,0.0,0.333333333333,0.333333333333,0.666666666667,1.0,-1.85037170771e-17,-5.33333333333,0.0,/players/g/geigema01.html,0
PHI,E,Damone Brown,3,0,0.0,0.0,0.0,0,2.03333333333,0.333333333333,0.666666666667,0.333333333333,0.0,0.0,0.0,0.0,0.0,0.0,0.0,0.0,0.0,0.0,0.0,0.0,0.0,0.333333333333,0.666666666667,0.2,4.66666666667,0.0,/players/b/brownda02.html,0
BOS,E,Kedrick Brown,3,1,0.3333333333333333,0.0,0.0,0,4.06666666667,0.0,0.333333333333,0.0,0.0,0.0,0.0,0.0,0.0,0.0,0.0,0.0,0.0,0.666666666667,0.333333333333,0.0,0.0,0.0,0.0,0.566666666667,1.66666666667,0.0,/players/b/brownke01.html,0
NYK,E,Allan Houston,3,1,0.3333333333333333,0.0,0.0,3,35.5833333333,5.33333333333,15.6666666667,0.327333333333,0.666666666667,2.66666666667,0.111,2.66666666667,3.33333333333,0.785666666667,0.666666666667,3.66666666667,4.33333333333,2.0,1.0,0.0,2.0,1.33333333333,14.0,6.33333333333,2.0,0.0,/players/h/houstal01.html,0
IND,E,Travis Best,4,2,0.5,0.0,0.0,0,22.6208333333,2.5,6.5,0.34375,0.75,1.25,0.375,0.5,0.5,0.25,0.5,2.75,3.25,4.75,2.0,0.0,1.75,1.75,6.25,6.75,-1.25,0.0,/players/b/besttr01.html,0
PHO,W,Rodney Rogers,4,1,0.25,0.0,0.0,1,16.2666666667,2.25,5.0,0.45,0.25,1.0,0.25,1.0,1.0,0.5,1.5,3.5,5.0,0.75,0.75,0.0,1.25,3.75,5.75,3.775,-5.5,0.0,/players/r/rogerro01.html,0
SAS,W,Malik Rose,4,2,0.5,0.0,0.0,0,19.5708333333,3.5,6.5,0.47025,0.0,0.0,0.0,3.0,4.5,0.72925,2.0,2.5,4.5,0.75,1.0,0.0,1.25,2.5,10.0,7.675,0.25,0.0,/players/r/rosema01.html,0
ATL,E,Hanno Mottola,3,1,0.3333333333333333,0.0,0.0,0,9.82777777778,3.0,3.66666666667,0.861,0.0,0.0,0.0,0.666666666667,0.666666666667,0.333333333333,2.0,1.0,3.0,0.0,0.0,0.333333333333,1.0,2.33333333333,6.66666666667,5.3,1.0,0.0,/players/m/mottoha01.html,0
GSW,W,Troy Murphy,4,2,0.5,0.0,0.0,0,16.0125,2.75,5.25,0.50075,0.0,0.0,0.0,0.75,1.0,0.375,1.25,4.5,5.75,0.75,0.75,0.5,1.75,1.75,6.25,4.975,-0.25,0.0,/players/m/murphtr01.html,0
MEM,W,Will Solomon,1,0,0.0,0.0,0.0,0,10.1666666667,0.0,3.0,0.0,0.0,1.0,0.0,0.0,2.0,0.0,0.0,1.0,1.0,1.0,0.0,0.0,1.0,0.0,0.0,-2.9,1.0,0.0,/players/s/solomwi01.html,0
HOU,W,Steve Francis,4,3,0.75,0.0,0.0,4,44.7333333333,6.75,17.75,0.3795,0.75,3.5,0.41075,7.75,9.25,0.82075,3.0,5.5,8.5,7.0,2.0,0.0,3.75,2.5,22.0,17.575,5.0,0.0,/players/f/francst01.html,0
ORL,E,Tracy McGrady,3,2,0.6666666666666666,0.0,0.0,3,33.2111111111,7.0,15.3333333333,0.437666666667,0.333333333333,1.0,0.166666666667,4.33333333333,7.0,0.677666666667,2.66666666667,2.66666666667,5.33333333333,6.0,1.0,1.0,2.33333333333,2.33333333333,18.6666666667,14.9666666667,17.0,0.0,/players/m/mcgratr01.html,0
WAS,E,Jahidi White,4,2,0.5,0.0,0.0,4,21.6041666667,1.5,3.0,0.26775,0.0,0.0,0.0,0.5,1.25,0.25,1.0,4.5,5.5,0.25,0.5,0.5,1.75,2.5,3.5,2.025,-7.0,0.0,/players/w/whiteja01.html,0
GSW,W,Mookie Blaylock,4,2,0.5,0.0,0.0,0,21.8583333333,1.25,4.75,0.23325,0.25,1.25,0.125,0.25,0.5,0.125,0.0,2.0,2.0,3.75,1.0,0.0,2.0,0.5,3.0,2.1,-0.25,0.0,/players/b/blaylmo01.html,0
DEN,W,Isaiah Rider,3,1,0.3333333333333333,0.0,0.0,0,11.8611111111,2.33333333333,5.0,0.486,1.0,1.33333333333,0.833333333333,0.666666666667,0.666666666667,0.333333333333,0.666666666667,1.66666666667,2.33333333333,0.333333333333,0.666666666667,0.0,2.0,0.666666666667,6.33333333333,3.36666666667,-2.33333333333,0.0,/players/r/rideris01.html,0
ORL,E,Pat Garrity,3,2,0.6666666666666666,0.0,0.0,0,24.4,4.0,10.6666666667,0.458666666667,2.33333333333,5.66666666667,0.425666666667,0.333333333333,0.666666666667,0.166666666667,1.0,1.33333333333,2.33333333333,0.333333333333,0.0,0.666666666667,0.666666666667,3.0,10.6666666667,4.6,3.0,0.0,/players/g/garripa01.html,0
PHI,E,Raja Bell,3,0,0.0,0.0,0.0,3,30.5,2.33333333333,7.0,0.333,0.333333333333,1.66666666667,0.111,0.333333333333,0.333333333333,0.333333333333,0.0,3.66666666667,3.66666666667,4.66666666667,0.666666666667,0.0,2.0,3.0,5.33333333333,3.2,-4.33333333333,0.0,/players/b/bellra01.html,0
DEN,W,Scott Williams,3,1,0.3333333333333333,0.0,0.0,3,30.5,4.0,9.33333333333,0.443,0.0,0.0,0.0,1.0,1.33333333333,0.666666666667,4.0,7.33333333333,11.3333333333,0.666666666667,0.333333333333,0.333333333333,0.666666666667,3.0,9.0,8.1,3.0,0.0,/players/w/willisc01.html,0
IND,E,Jeff Foster,4,2,0.5,0.0,0.0,4,26.4333333333,2.0,5.75,0.33025,0.0,0.25,0.0,2.5,4.0,0.72225,2.5,6.75,9.25,1.75,1.5,0.75,1.0,3.5,6.5,7.3,1.5,0.0,/players/f/fosteje01.html,0
ORL,E,Monty Williams,3,2,0.6666666666666666,0.0,0.0,0,13.5555555556,1.33333333333,2.0,0.722333333333,0.0,0.0,0.0,2.0,3.33333333333,0.416666666667,1.0,1.33333333333,2.33333333333,1.0,0.666666666667,0.0,0.666666666667,1.0,4.66666666667,4.66666666667,0.666666666667,0.0,/players/w/willimo01.html,0
CLE,E,Chris Mihm,4,1,0.25,0.0,0.0,4,30.7541666667,4.25,11.25,0.375,0.0,0.25,0.0,3.5,5.0,0.4375,2.5,3.5,6.0,0.0,0.25,2.75,2.75,4.0,12.0,5.85,-12.75,0.0,/players/m/mihmch01.html,0
POR,W,Derek Anderson,1,0,0.0,0.0,0.0,1,25.4166666667,5.0,10.0,0.5,3.0,4.0,0.75,4.0,4.0,1.0,0.0,0.0,0.0,2.0,1.0,0.0,4.0,1.0,17.0,10.0,-1.0,0.0,/players/a/anderde01.html,0
MIL,E,Ray Allen,3,3,1.0,0.0,0.0,3,42.0222222222,10.3333333333,17.3333333333,0.627666666667,5.33333333333,8.66666666667,0.611,5.66666666667,6.0,0.916666666667,1.0,2.0,3.0,4.0,1.66666666667,0.0,2.33333333333,2.66666666667,31.6666666667,25.9,6.33333333333,0.0,/players/a/allenra02.html,1
MEM,W,Stromile Swift,3,0,0.0,0.0,0.0,3,29.1444444444,3.66666666667,7.0,0.608333333333,0.0,0.0,0.0,5.66666666667,7.66666666667,0.738,3.66666666667,4.33333333333,8.0,0.666666666667,1.66666666667,0.0,0.666666666667,3.66666666667,13.0,12.6333333333,-8.66666666667,0.0,/players/s/swiftst01.html,0
MEM,W,Pau Gasol,3,0,0.0,0.0,0.0,0,19.6555555556,3.0,5.66666666667,0.466666666667,0.0,0.0,0.0,0.666666666667,1.33333333333,0.333333333333,1.33333333333,3.0,4.33333333333,1.33333333333,0.333333333333,1.66666666667,3.0,3.33333333333,6.66666666667,3.56666666667,-0.666666666667,0.0,/players/g/gasolpa01.html,0
POR,W,Scottie Pippen,4,1,0.25,0.0,0.0,4,35.075,3.75,9.5,0.32675,1.25,2.5,0.25,1.0,1.75,0.5,1.5,3.5,5.0,5.0,0.5,0.75,2.25,2.5,9.75,7.675,-10.25,0.0,/players/p/pippesc01.html,0
SAC,W,Doug Christie,3,3,1.0,0.0,0.0,3,31.8555555556,3.0,8.66666666667,0.360666666667,0.0,2.66666666667,0.0,2.66666666667,3.0,0.889,1.0,3.33333333333,4.33333333333,3.33333333333,2.0,1.0,1.33333333333,3.33333333333,8.66666666667,7.73333333333,5.33333333333,0.0,/players/c/chrisdo01.html,0
CHH,E,Lee Nailon,3,2,0.6666666666666666,0.0,0.0,0,10.8444444444,1.66666666667,4.66666666667,0.355333333333,0.0,0.0,0.0,0.333333333333,0.666666666667,0.166666666667,0.666666666667,1.33333333333,2.0,0.0,0.666666666667,0.333333333333,1.0,0.666666666667,3.66666666667,1.43333333333,1.0,0.0,/players/n/nailole01.html,0
BOS,E,Walter McCarty,3,1,0.3333333333333333,0.0,0.0,0,9.15,0.666666666667,1.66666666667,0.166666666667,0.0,0.0,0.0,0.666666666667,0.666666666667,0.333333333333,0.333333333333,1.33333333333,1.66666666667,0.333333333333,0.0,0.0,0.333333333333,1.33333333333,2.0,1.1,-4.66666666667,0.0,/players/m/mccarwa01.html,0
IND,E,Reggie Miller,4,2,0.5,0.0,0.0,4,36.3458333333,4.25,10.75,0.40925,2.5,7.25,0.3665,4.75,5.0,0.9375,1.25,4.5,5.75,3.0,0.25,0.5,1.5,2.0,15.75,12.45,2.25,0.0,/players/m/millere01.html,0
PHI,E,Vonteego Cummings,3,0,0.0,0.0,0.0,0,19.9944444444,2.0,6.66666666667,0.271333333333,0.666666666667,1.66666666667,0.416666666667,1.33333333333,1.33333333333,0.666666666667,0.666666666667,1.33333333333,2.0,1.33333333333,0.333333333333,0.666666666667,1.66666666667,1.33333333333,6.0,2.53333333333,-5.33333333333,0.0,/players/c/cummivo01.html,0
UTA,W,John Stockton,4,1,0.25,0.0,0.0,4,36.0916666667,5.5,10.25,0.63325,0.0,1.25,0.0,1.75,1.75,0.75,1.25,2.0,3.25,11.25,2.0,0.5,5.25,2.0,12.75,13.425,-1.5,0.0,/players/s/stockjo01.html,0
BOS,E,Eric Williams,3,2,0.6666666666666666,0.0,0.0,3,24.7388888889,1.33333333333,6.0,0.178666666667,0.0,1.0,0.0,2.0,3.33333333333,0.5,2.0,2.33333333333,4.33333333333,1.66666666667,1.0,0.333333333333,1.33333333333,2.33333333333,4.66666666667,2.7,7.66666666667,0.0,/players/w/willier01.html,0
HOU,W,Oscar Torres,2,2,1.0,0.0,0.0,0,3.05,0.5,0.5,0.5,0.0,0.0,0.0,0.0,0.0,0.0,0.0,0.0,0.0,0.0,0.0,0.0,0.0,0.0,1.0,0.85,-1.5,0.0,/players/t/torreos01.html,0
SAS,W,David Robinson,4,2,0.5,0.0,0.0,4,27.9583333333,2.75,7.0,0.42775,0.0,0.0,0.0,3.25,5.75,0.53825,2.5,4.75,7.25,0.75,1.0,1.25,0.75,2.25,8.75,7.875,-2.0,0.0,/players/r/robinda01.html,0
NJN,E,Todd MacCulloch,4,3,0.75,0.0,0.0,4,23.6375,2.5,6.0,0.5315,0.0,0.0,0.0,1.75,2.5,0.5,2.75,4.25,7.0,0.75,0.0,2.0,1.5,4.5,6.75,5.075,1.0,0.0,/players/m/maccuto01.html,0
UTA,W,Bryon Russell,4,1,0.25,0.0,0.0,0,30.5,3.0,7.25,0.411,1.5,3.75,0.51025,1.0,1.5,0.375,0.75,4.0,4.75,3.25,0.75,0.0,1.75,3.75,8.5,5.925,3.5,0.0,/players/r/russebr01.html,0
BOS,E,Kenny Anderson,4,2,0.5,0.0,0.0,4,31.2625,2.5,6.5,0.3875,0.0,0.25,0.0,2.0,3.25,0.5625,0.5,3.75,4.25,6.75,2.0,0.0,1.25,3.0,7.0,8.7,7.75,0.0,/players/a/anderke01.html,0
MEM,W,Lorenzen Wright,3,0,0.0,0.0,0.0,3,41.6833333333,7.0,17.0,0.406,0.0,0.0,0.0,7.33333333333,10.3333333333,0.689333333333,6.33333333333,10.6666666667,17.0,1.33333333333,1.0,0.333333333333,3.0,3.0,21.3333333333,16.6333333333,-6.33333333333,0.0,/players/w/wrighlo02.html,0
ORL,E,Darrell Armstrong,3,2,0.6666666666666666,0.0,0.0,3,28.1277777778,6.0,10.6666666667,0.587,2.0,4.66666666667,0.466666666667,1.66666666667,2.0,0.583333333333,1.0,3.33333333333,4.33333333333,5.0,2.66666666667,0.666666666667,0.333333333333,2.0,15.6666666667,17.6666666667,15.3333333333,0.0,/players/a/armstda01.html,0
DEN,W,Avery Johnson,3,1,0.3333333333333333,0.0,0.0,0,18.9777777778,2.33333333333,4.66666666667,0.333333333333,0.0,0.0,0.0,2.66666666667,3.66666666667,0.666666666667,0.0,0.666666666667,0.666666666667,2.0,0.0,0.0,0.666666666667,1.0,7.33333333333,5.13333333333,-7.66666666667,0.0,/players/j/johnsav01.html,0
PHO,W,Tom Gugliotta,4,1,0.25,0.0,0.0,4,29.7375,3.75,7.75,0.49275,0.0,0.0,0.0,1.0,1.5,0.41675,1.5,4.75,6.25,1.0,1.25,0.75,1.75,3.75,8.5,6.075,-5.75,0.0,/players/g/guglito01.html,0
WAS,E,Kwame Brown,1,0,0.0,0.0,0.0,0,12.2,1.0,2.0,0.5,0.0,0.0,0.0,0.0,1.0,0.0,0.0,3.0,3.0,0.0,0.0,3.0,1.0,2.0,2.0,1.8,8.0,0.0,/players/b/brownkw01.html,0
LAC,W,Corey Maggette,3,0,0.0,0.0,0.0,0,14.5722222222,0.333333333333,4.33333333333,0.0476666666667,0.0,1.0,0.0,3.66666666667,4.66666666667,0.815,0.333333333333,1.33333333333,1.66666666667,0.333333333333,0.0,0.0,0.666666666667,1.66666666667,4.33333333333,0.566666666667,-2.0,0.0,/players/m/maggeco01.html,0
NYK,E,Charlie Ward,3,1,0.3333333333333333,0.0,0.0,0,15.5888888889,1.66666666667,7.0,0.233333333333,1.0,5.0,0.205666666667,1.0,1.66666666667,0.666666666667,0.333333333333,1.66666666667,2.0,1.66666666667,1.0,0.333333333333,1.33333333333,1.0,5.33333333333,2.23333333333,-6.0,0.0,/players/w/wardch01.html,0
CHH,E,Baron Davis,3,2,0.6666666666666666,0.0,0.0,3,42.7,8.0,16.6666666667,0.472333333333,1.66666666667,5.0,0.309666666667,3.66666666667,5.0,0.555666666667,0.666666666667,2.33333333333,3.0,8.0,1.33333333333,0.0,2.0,2.66666666667,21.3333333333,17.3666666667,2.66666666667,0.0,/players/d/davisba01.html,0
LAC,W,Lamar Odom,3,0,0.0,0.0,0.0,3,39.3111111111,5.33333333333,17.3333333333,0.314666666667,0.666666666667,5.33333333333,0.074,2.66666666667,4.0,0.666666666667,2.66666666667,7.33333333333,10.0,3.66666666667,1.66666666667,1.66666666667,4.66666666667,4.0,14.0,6.66666666667,-7.0,0.0,/players/o/odomla01.html,0
ORL,E,Bo Outlaw,3,2,0.6666666666666666,0.0,0.0,0,19.3166666667,2.0,3.0,0.5,0.0,0.0,0.0,1.0,2.33333333333,0.277666666667,1.33333333333,1.33333333333,2.66666666667,0.666666666667,0.333333333333,1.33333333333,1.66666666667,2.0,5.0,3.76666666667,3.33333333333,0.0,/players/o/outlabo01.html,0
CHI,E,Kevin Ollie,3,1,0.3333333333333333,0.0,0.0,0,21.0111111111,2.0,4.33333333333,0.489,0.0,0.0,0.0,0.0,0.0,0.0,0.333333333333,2.33333333333,2.66666666667,1.33333333333,0.333333333333,0.0,1.0,0.666666666667,4.0,2.7,-5.66666666667,0.0,/players/o/ollieke01.html,0
HOU,W,Kenny Thomas,4,3,0.75,0.0,0.0,4,31.2625,4.5,9.75,0.43,0.0,1.0,0.0,2.0,3.5,0.64575,1.75,4.25,6.0,2.75,1.5,0.25,1.5,3.0,11.0,8.775,-6.75,0.0,/players/t/thomake01.html,0
PHI,E,Ira Bowman,3,0,0.0,0.0,0.0,0,9.82777777778,1.66666666667,2.33333333333,0.555666666667,0.0,0.333333333333,0.0,0.0,0.0,0.0,0.0,0.333333333333,0.333333333333,0.333333333333,0.666666666667,0.0,0.0,1.0,3.33333333333,2.96666666667,-1.33333333333,0.0,/players/b/bowmair01.html,0
ORL,E,Don Reid,3,2,0.6666666666666666,0.0,0.0,0,6.77777777778,0.666666666667,1.0,0.222333333333,0.0,0.0,0.0,1.0,1.33333333333,0.25,0.333333333333,1.33333333333,1.66666666667,0.0,0.333333333333,0.0,0.333333333333,2.66666666667,2.33333333333,1.33333333333,4.33333333333,0.0,/players/r/reiddo01.html,0
SEA,W,Desmond Mason,3,1,0.3333333333333333,0.0,0.0,0,29.4833333333,4.66666666667,7.33333333333,0.600666666667,1.33333333333,1.33333333333,0.666666666667,1.66666666667,2.33333333333,0.833333333333,0.666666666667,2.66666666667,3.33333333333,1.33333333333,0.666666666667,0.333333333333,1.66666666667,3.66666666667,12.3333333333,8.76666666667,-3.33333333333,0.0,/players/m/masonde01.html,0
MIA,E,Kendall Gill,3,1,0.3333333333333333,0.0,0.0,3,23.3833333333,2.0,5.0,0.411,0.0,0.333333333333,0.0,0.666666666667,1.33333333333,0.333333333333,1.0,2.66666666667,3.66666666667,1.33333333333,0.666666666667,0.333333333333,0.333333333333,3.0,4.66666666667,3.5,-5.0,0.0,/players/g/gillke01.html,0
DAL,W,Greg Buckner,1,1,1.0,0.0,0.0,1,10.1666666667,1.0,4.0,0.25,0.0,0.0,0.0,0.0,0.0,0.0,1.0,1.0,2.0,0.0,0.0,0.0,0.0,1.0,2.0,0.2,-4.0,0.0,/players/b/buckngr01.html,0
LAC,W,Quentin Richardson,3,0,0.0,0.0,0.0,0,22.3666666667,4.0,7.0,0.492,0.0,1.33333333333,0.0,3.33333333333,4.0,0.6,1.33333333333,0.333333333333,1.66666666667,0.666666666667,0.333333333333,0.333333333333,1.66666666667,1.66666666667,11.3333333333,7.5,-6.66666666667,0.0,/players/r/richaqu01.html,0
MIL,E,Rafer Alston,3,3,1.0,0.0,0.0,0,13.2166666667,1.66666666667,4.0,0.5,0.666666666667,0.666666666667,0.333333333333,0.0,0.0,0.0,0.0,2.33333333333,2.33333333333,2.66666666667,0.666666666667,0.0,0.333333333333,0.333333333333,4.0,4.63333333333,-1.66666666667,0.0,/players/a/alstora01.html,0
ATL,E,Chris Crawford,3,1,0.3333333333333333,0.0,0.0,1,14.5722222222,1.33333333333,4.0,0.333333333333,0.0,0.0,0.0,0.0,0.0,0.0,1.66666666667,1.66666666667,3.33333333333,0.333333333333,0.333333333333,0.0,0.666666666667,3.0,2.66666666667,0.766666666667,1.33333333333,0.0,/players/c/crawfch01.html,0
BOS,E,Antoine Walker,4,2,0.5,0.0,0.0,4,42.1916666667,7.5,25.0,0.30525,4.0,10.0,0.40675,3.5,4.5,0.552,3.0,8.25,11.25,5.5,1.0,0.75,3.0,2.25,22.5,13.65,8.5,0.0,/players/w/walkean02.html,0
CHH,E,Robert Traylor,3,2,0.6666666666666666,0.0,0.0,0,10.5055555556,1.0,2.0,0.389,0.0,0.0,0.0,1.0,1.33333333333,0.25,1.0,1.0,2.0,0.666666666667,1.0,0.333333333333,1.0,2.33333333333,3.0,2.63333333333,-4.33333333333,0.0,/players/t/traylro01.html,0
ORL,E,Horace Grant,3,2,0.6666666666666666,0.0,0.0,3,24.0611111111,4.66666666667,8.33333333333,0.556666666667,0.0,0.0,0.0,1.33333333333,1.33333333333,0.666666666667,1.33333333333,3.66666666667,5.0,1.33333333333,0.666666666667,0.0,0.666666666667,1.66666666667,10.6666666667,9.0,12.3333333333,0.0,/players/g/grantho01.html,0
SEA,W,Art Long,3,1,0.3333333333333333,0.0,0.0,0,10.5055555556,1.0,2.33333333333,0.555333333333,0.0,0.0,0.0,0.0,0.0,0.0,1.0,1.33333333333,2.33333333333,0.0,0.333333333333,0.0,1.66666666667,2.66666666667,2.0,-0.533333333333,-6.33333333333,0.0,/players/l/longar01.html,0
SAS,W,Danny Ferry,4,2,0.5,0.0,0.0,0,11.9458333333,1.5,2.75,0.625,1.0,1.75,0.58325,0.25,0.25,0.25,0.0,1.25,1.25,0.25,0.0,0.0,0.25,2.25,4.25,2.325,0.25,0.0,/players/f/ferryda01.html,0
DAL,W,Donnell Harvey,4,3,0.75,0.0,0.0,0,12.2,1.25,1.5,0.375,0.0,0.0,0.0,1.25,3.0,0.25,0.25,3.25,3.5,1.0,0.5,0.5,0.5,2.0,3.75,3.9,0.75,0.0,/players/h/harvedo01.html,0
UTA,W,John Starks,4,1,0.25,0.0,0.0,0,18.3,2.75,7.5,0.31625,0.75,1.75,0.375,1.5,1.5,0.75,0.25,0.75,1.0,1.75,0.25,0.0,0.5,2.0,7.75,4.175,0.25,0.0,/players/s/starkjo01.html,0
DAL,W,Steve Nash,4,3,0.75,0.0,0.0,4,38.6333333333,4.75,13.75,0.34275,1.75,5.0,0.39175,3.0,3.25,0.95,0.5,2.5,3.0,6.25,0.5,0.0,2.5,2.25,14.25,9.0,-3.0,0.0,/players/n/nashst01.html,0
BOS,E,Mark Blount,4,2,0.5,0.0,0.0,0,16.2666666667,1.25,2.25,0.625,0.0,0.0,0.0,0.75,1.0,0.375,1.0,1.75,2.75,0.5,1.25,1.0,1.0,1.5,3.25,4.0,9.0,0.0,/players/b/blounma01.html,0
MIA,E,Eddie House,3,1,0.3333333333333333,0.0,0.0,0,18.6388888889,2.0,7.0,0.211,1.66666666667,2.0,0.583333333333,0.666666666667,0.666666666667,0.333333333333,0.0,1.33333333333,1.33333333333,1.33333333333,1.0,0.333333333333,1.66666666667,2.33333333333,6.33333333333,2.2,1.0,0.0,/players/h/houseed01.html,0
WAS,E,Chris Whitney,4,2,0.5,0.0,0.0,3,29.2291666667,4.25,9.0,0.4355,2.5,4.0,0.69175,1.25,2.0,0.28325,0.25,1.75,2.0,3.0,0.75,0.0,0.5,2.25,12.25,9.5,5.0,0.0,/players/w/whitnch01.html,0
CHI,E,Greg Anthony,3,1,0.3333333333333333,0.0,0.0,3,28.8055555556,4.0,9.66666666667,0.426333333333,0.666666666667,3.0,0.166666666667,1.33333333333,1.66666666667,0.5,0.0,2.33333333333,2.33333333333,4.66666666667,1.66666666667,0.0,2.0,3.0,10.0,7.13333333333,-5.33333333333,0.0,/players/a/anthogr01.html,0
SAS,W,Antonio Daniels,4,2,0.5,0.0,0.0,4,30.5,3.75,9.25,0.33225,1.25,3.5,0.30825,4.0,4.25,0.95825,0.0,3.0,3.0,3.0,1.5,0.0,1.25,2.0,12.75,10.125,-3.25,0.0,/players/d/daniean01.html,0
NYK,E,Clarence Weatherspoon,3,1,0.3333333333333333,0.0,0.0,0,26.4333333333,3.33333333333,9.0,0.354333333333,0.0,0.0,0.0,2.66666666667,2.66666666667,1.0,1.66666666667,4.0,5.66666666667,0.666666666667,0.666666666667,0.0,0.333333333333,1.66666666667,9.33333333333,6.86666666667,-4.33333333333,0.0,/players/w/weathcl01.html,0
CLE,E,Bimbo Coles,4,1,0.25,0.0,0.0,0,14.9958333333,1.25,2.75,0.33325,0.0,0.0,0.0,0.5,0.5,0.25,0.25,0.75,1.0,1.5,0.0,0.0,0.25,1.0,3.0,2.375,-10.75,0.0,/players/c/colesbi01.html,0
GSW,W,Erick Dampier,4,2,0.5,0.0,0.0,4,29.7375,4.25,9.0,0.46475,0.0,0.0,0.0,5.0,7.0,0.72925,3.5,2.75,6.25,2.0,0.25,1.5,4.0,4.5,13.5,8.275,1.5,0.0,/players/d/dampier01.html,0
DET,E,Clifford Robinson,4,3,0.75,0.0,0.0,4,34.5666666667,6.0,13.25,0.4275,1.75,4.0,0.4375,1.5,1.75,0.625,0.75,3.75,4.5,0.75,2.0,1.0,1.75,2.25,15.25,10.5,8.5,0.0,/players/r/robincl02.html,0
DET,E,Chucky Atkins,4,3,0.75,0.0,0.0,0,20.5875,2.75,6.5,0.41575,0.5,2.0,0.25,0.25,0.5,0.125,0.0,1.0,1.0,3.5,1.0,0.25,1.0,1.75,6.25,4.925,-2.0,0.0,/players/a/atkinch01.html,0
PHO,W,Jud Buechler,3,0,0.0,0.0,0.0,0,9.48888888889,0.0,0.333333333333,0.0,0.0,0.333333333333,0.0,0.0,0.0,0.0,0.333333333333,1.33333333333,1.66666666667,0.666666666667,0.333333333333,0.0,0.333333333333,1.0,0.0,0.466666666667,1.66666666667,0.0,/players/b/buechju01.html,0
HOU,W,Moochie Norris,4,3,0.75,0.0,0.0,0,17.2833333333,1.5,2.5,0.3,0.25,0.25,0.25,1.0,1.5,0.3125,0.75,1.25,2.0,4.75,0.5,0.0,1.75,0.0,4.25,5.875,1.5,0.0,/players/n/norrimo01.html,0
IND,E,Bruno Sundov,2,1,0.5,0.0,0.0,0,2.03333333333,1.0,1.5,0.75,0.0,0.0,0.0,0.0,0.0,0.0,0.0,0.0,0.0,0.5,0.5,0.0,0.0,0.5,2.0,2.0,3.0,0.0,/players/s/sundobr01.html,0
POR,W,Ruben Boumtje-Boumtje,4,1,0.25,0.0,0.0,0,9.15,0.25,1.0,0.125,0.0,0.0,0.0,0.5,1.0,0.25,0.25,2.0,2.25,0.25,0.0,1.0,0.0,2.0,1.0,1.05,-1.5,0.0,/players/b/boumtru01.html,0
LAL,W,Shaquille O'Neal,4,4,1.0,0.0,0.0,4,38.8875,10.25,20.25,0.5195,0.0,0.0,0.0,11.0,16.5,0.66275,3.5,7.75,11.25,3.25,1.0,4.0,3.5,4.25,31.5,24.875,11.5,0.0,/players/o/onealsh01.html,0
GSW,W,Marc Jackson,2,1,0.5,0.0,0.0,0,4.575,0.0,3.0,0.0,0.0,0.0,0.0,0.0,0.0,0.0,1.5,0.0,1.5,0.0,0.0,0.0,1.0,0.0,0.0,-2.05,-3.5,0.0,/players/j/jacksma02.html,0
MIA,E,Sam Mack,3,1,0.3333333333333333,0.0,0.0,0,11.8611111111,0.333333333333,1.66666666667,0.0833333333333,0.333333333333,0.666666666667,0.166666666667,0.0,0.0,0.0,0.0,0.333333333333,0.333333333333,0.333333333333,0.333333333333,0.0,0.666666666667,2.66666666667,1.0,-1.1,2.0,0.0,/players/m/macksa01.html,0
MIN,W,Terrell Brandon,3,3,1.0,0.0,0.0,3,30.1611111111,5.0,13.0,0.376333333333,0.0,0.666666666667,0.0,1.0,1.0,0.333333333333,0.333333333333,2.0,2.33333333333,7.0,1.33333333333,0.0,0.666666666667,0.666666666667,11.0,10.0333333333,6.0,0.0,/players/b/brandte01.html,0
NYK,E,Latrell Sprewell,3,1,0.3333333333333333,0.0,0.0,3,39.3111111111,6.66666666667,16.0,0.419666666667,2.66666666667,5.33333333333,0.473666666667,5.33333333333,6.33333333333,0.869,0.666666666667,3.0,3.66666666667,1.66666666667,1.33333333333,0.0,1.66666666667,1.66666666667,21.3333333333,13.9333333333,-0.333333333333,0.0,/players/s/sprewla01.html,0
NJN,E,Jason Kidd,4,3,0.75,0.0,0.0,4,36.3458333333,4.25,13.5,0.31225,1.5,4.0,0.3125,4.5,5.25,0.61675,2.0,5.5,7.5,8.0,2.25,0.25,2.75,1.25,14.5,14.275,-0.25,0.0,/players/k/kiddja01.html,0
LAL,W,Samaki Walker,4,4,1.0,0.0,0.0,4,17.2833333333,0.5,1.0,0.5,0.0,0.0,0.0,1.0,1.5,0.5,0.5,3.5,4.0,1.0,0.5,0.75,1.0,2.25,2.0,2.525,-0.5,0.0,/players/w/walkesa01.html,0
LAL,W,Jelani McCoy,3,3,1.0,0.0,0.0,0,2.37222222222,0.666666666667,0.666666666667,0.333333333333,0.0,0.0,0.0,0.333333333333,0.666666666667,0.166666666667,0.333333333333,0.0,0.333333333333,0.0,0.0,0.0,0.0,0.666666666667,1.66666666667,1.3,1.0,0.0,/players/m/mccoyje01.html,0
SAC,W,Jabari Smith,2,2,1.0,0.0,0.0,0,8.64166666667,0.5,2.5,0.1665,0.0,0.0,0.0,1.0,1.0,0.5,0.0,2.5,2.5,0.5,0.0,1.0,0.0,1.5,2.0,1.65,-0.5,0.0,/players/s/smithja01.html,0
LAC,W,Elton Brand,3,0,0.0,0.0,0.0,3,39.65,7.33333333333,15.3333333333,0.475,0.0,0.0,0.0,9.33333333333,11.6666666667,0.783,3.33333333333,7.0,10.3333333333,1.0,0.666666666667,2.66666666667,0.666666666667,2.66666666667,24.0,21.2,-2.33333333333,0.0,/players/b/brandel01.html,0
TOR,E,Carlos Arroyo,3,2,0.6666666666666666,0.0,0.0,0,3.72777777778,0.0,0.333333333333,0.0,0.0,0.0,0.0,0.0,0.666666666667,0.0,0.0,0.0,0.0,0.666666666667,0.333333333333,0.0,0.0,0.0,0.0,0.3,-2.66666666667,0.0,/players/a/arroyca01.html,0
CHH,E,P.J. Brown,3,2,0.6666666666666666,0.0,0.0,3,34.5666666667,2.66666666667,6.33333333333,0.411,0.0,0.0,0.0,4.0,5.0,0.822333333333,2.66666666667,8.0,10.6666666667,1.0,0.333333333333,0.666666666667,0.333333333333,3.33333333333,9.33333333333,9.66666666667,0.333333333333,0.0,/players/b/brownpj01.html,0
CLE,E,Andre Miller,4,1,0.25,0.0,0.0,4,35.3291666667,6.0,12.5,0.47,0.0,0.0,0.0,8.25,10.0,0.75225,0.75,4.25,5.0,8.0,0.75,0.0,3.5,1.75,20.25,17.15,-7.25,0.0,/players/m/millean02.html,0
ATL,E,Toni Kukoc,3,1,0.3333333333333333,0.0,0.0,0,31.5166666667,2.0,6.33333333333,0.317666666667,0.666666666667,1.66666666667,0.222333333333,1.0,2.33333333333,0.2,0.333333333333,4.33333333333,4.66666666667,3.0,1.33333333333,0.0,1.33333333333,1.33333333333,5.66666666667,4.6,6.0,0.0,/players/k/kukocto01.html,0
TOR,E,Hakeem Olajuwon,4,2,0.5,0.0,0.0,4,24.4,3.75,8.25,0.46325,0.0,0.0,0.0,1.5,3.75,0.375,2.5,4.5,7.0,0.5,1.25,1.0,1.25,3.25,9.0,6.675,-0.75,0.0,/players/o/olajuha01.html,0
ATL,E,Emanual Davis,3,1,0.3333333333333333,0.0,0.0,3,29.8222222222,3.33333333333,9.66666666667,0.312666666667,1.33333333333,4.66666666667,0.236,1.33333333333,1.33333333333,0.333333333333,1.0,2.0,3.0,1.66666666667,0.333333333333,0.333333333333,1.33333333333,3.0,9.33333333333,4.4,1.66666666667,0.0,/players/d/davisem01.html,0
NJN,E,Derrick Dial,4,3,0.75,0.0,0.0,0,13.4708333333,2.5,4.75,0.4515,0.0,0.5,0.0,0.75,1.0,0.1875,0.5,1.25,1.75,1.5,0.5,0.0,0.5,0.5,5.75,4.9,1.25,0.0,/players/d/dialde01.html,0
MIA,E,LaPhonso Ellis,3,1,0.3333333333333333,0.0,0.0,0,31.8555555556,3.66666666667,8.33333333333,0.477666666667,0.333333333333,1.0,0.333333333333,1.33333333333,2.0,0.416666666667,1.66666666667,2.33333333333,4.0,1.66666666667,0.666666666667,0.666666666667,2.66666666667,3.0,9.0,4.66666666667,-3.66666666667,0.0,/players/e/ellisla01.html,0
CHI,E,Charles Oakley,3,1,0.3333333333333333,0.0,0.0,3,32.1944444444,2.33333333333,6.0,0.379333333333,0.0,0.0,0.0,0.666666666667,0.666666666667,0.333333333333,2.33333333333,7.66666666667,10.0,5.33333333333,2.0,0.0,3.0,3.0,5.33333333333,7.53333333333,-8.66666666667,0.0,/players/o/oaklech01.html,0
MIN,W,Loren Woods,3,3,1.0,0.0,0.0,0,20.6722222222,2.0,4.0,0.477666666667,0.0,0.0,0.0,0.666666666667,1.0,0.333333333333,0.666666666667,3.66666666667,4.33333333333,0.333333333333,0.333333333333,2.0,1.0,2.0,4.66666666667,4.26666666667,7.0,0.0,/players/w/woodslo01.html,0
MIL,E,Joel Przybilla,1,1,1.0,0.0,0.0,1,7.11666666667,0.0,0.0,0.0,0.0,0.0,0.0,0.0,0.0,0.0,1.0,2.0,3.0,0.0,0.0,0.0,0.0,3.0,0.0,0.1,5.0,0.0,/players/p/przybjo01.html,0
TOR,E,Alvin Williams,4,2,0.5,0.0,0.0,4,35.5833333333,4.5,11.0,0.40325,0.25,2.75,0.05,2.25,3.0,0.625,1.0,2.5,3.5,5.0,1.75,0.75,0.75,1.75,11.5,11.075,2.0,0.0,/players/w/willial02.html,0
MIA,E,Rod Strickland,1,1,1.0,0.0,0.0,0,16.2666666667,1.0,5.0,0.2,0.0,0.0,0.0,1.0,3.0,0.333,0.0,1.0,1.0,5.0,0.0,0.0,0.0,1.0,3.0,2.5,7.0,0.0,/players/s/stricro02.html,0
CLE,E,Brian Skinner,4,1,0.25,0.0,0.0,0,24.9083333333,1.25,4.25,0.27925,0.0,0.0,0.0,1.0,1.5,0.375,2.75,3.5,6.25,0.0,0.5,1.0,1.25,2.75,3.5,2.65,0.75,0.0,/players/s/skinnbr01.html,0
ORL,E,Steven Hunter,3,2,0.6666666666666666,0.0,0.0,0,4.06666666667,0.333333333333,1.33333333333,0.111,0.0,0.0,0.0,0.666666666667,0.666666666667,0.333333333333,0.666666666667,0.666666666667,1.33333333333,0.0,0.0,0.0,0.0,0.333333333333,1.33333333333,1.06666666667,1.33333333333,0.0,/players/h/huntest01.html,0
LAC,W,Darius Miles,3,0,0.0,0.0,0.0,0,25.4166666667,4.33333333333,9.33333333333,0.470666666667,0.0,0.0,0.0,0.666666666667,1.66666666667,0.333333333333,2.33333333333,3.0,5.33333333333,0.666666666667,1.66666666667,1.0,0.666666666667,3.33333333333,9.33333333333,7.5,-5.66666666667,0.0,/players/m/milesda01.html,0
PHO,W,Charlie Bell,4,1,0.25,0.0,0.0,0,10.4208333333,0.75,2.75,0.25,0.0,1.5,0.0,0.5,0.5,0.25,0.5,0.5,1.0,0.5,0.0,0.0,1.25,0.75,2.0,-0.325,-4.25,0.0,/players/b/bellch01.html,0
ATL,E,DerMarr Johnson,1,0,0.0,0.0,0.0,0,1.01666666667,0.0,0.0,0.0,0.0,0.0,0.0,0.0,0.0,0.0,0.0,1.0,1.0,0.0,0.0,0.0,1.0,0.0,0.0,-0.7,0.0,0.0,/players/j/johnsde03.html,0
GSW,W,Bob Sura,4,2,0.5,0.0,0.0,4,25.925,2.75,7.0,0.43325,0.25,1.25,0.08325,0.5,0.5,0.25,1.5,2.0,3.5,2.25,2.25,0.25,2.0,1.25,6.25,5.6,-1.75,0.0,/players/s/surabo01.html,0
NJN,E,Jason Collins,2,1,0.5,0.0,0.0,0,14.2333333333,0.5,1.0,0.25,0.0,0.0,0.0,1.0,1.0,0.5,0.5,2.5,3.0,1.0,0.0,0.0,2.0,1.0,2.0,0.9,2.5,0.0,/players/c/collija04.html,0
MIL,E,Anthony Mason,3,3,1.0,0.0,0.0,3,38.6333333333,4.0,5.66666666667,0.768666666667,0.0,0.0,0.0,1.66666666667,2.0,0.583333333333,2.0,5.33333333333,7.33333333333,3.66666666667,1.0,0.666666666667,1.66666666667,2.66666666667,9.66666666667,11.4666666667,7.66666666667,0.0,/players/m/masonan01.html,0
PHO,W,Shawn Marion,4,1,0.25,0.0,0.0,4,39.9041666667,6.75,16.0,0.4195,0.75,1.0,0.5,0.5,1.25,0.16675,3.0,7.5,10.5,3.0,2.25,1.25,1.25,3.25,14.75,12.975,-6.75,0.0,/players/m/mariosh01.html,0
LAL,W,Mitch Richmond,4,4,1.0,0.0,0.0,0,17.5375,1.5,4.0,0.39575,0.25,1.25,0.125,0.75,0.75,0.5,0.25,1.25,1.5,1.25,0.25,0.25,1.0,2.25,4.0,1.75,2.0,0.0,/players/r/richmmi01.html,0
CLE,E,Wesley Person,4,1,0.25,0.0,0.0,4,32.2791666667,4.25,10.25,0.416,1.75,3.25,0.625,1.0,1.0,0.25,0.75,2.75,3.5,1.5,1.0,0.75,0.5,1.25,11.25,8.7,-5.25,0.0,/players/p/persowe01.html,0
DAL,W,Evan Eschmeyer,2,1,0.5,0.0,0.0,0,13.2166666667,0.0,0.0,0.0,0.0,0.0,0.0,0.0,0.0,0.0,0.0,2.5,2.5,0.5,0.5,0.0,0.5,2.5,0.0,0.1,9.0,0.0,/players/e/eschmev01.html,0
LAL,W,Devean George,4,4,1.0,0.0,0.0,0,15.25,2.0,3.5,0.38675,0.5,1.5,0.20825,1.0,1.5,0.3125,0.5,1.25,1.75,0.0,1.0,0.5,0.5,2.5,5.5,4.225,9.5,0.0,/players/g/georgde01.html,0
CLE,E,Trajan Langdon,2,0,0.0,0.0,0.0,0,21.8583333333,2.5,10.0,0.1925,1.0,5.0,0.143,1.5,1.5,1.0,1.5,4.0,5.5,4.0,0.0,0.0,1.5,3.0,7.5,3.85,6.0,0.0,/players/l/langdtr01.html,0
ORL,E,Troy Hudson,3,2,0.6666666666666666,0.0,0.0,0,23.7222222222,5.0,10.3333333333,0.459333333333,0.333333333333,2.66666666667,0.111,1.33333333333,1.33333333333,0.333333333333,0.333333333333,1.33333333333,1.66666666667,3.33333333333,1.33333333333,0.333333333333,1.66666666667,3.0,11.6666666667,8.1,2.66666666667,0.0,/players/h/hudsotr01.html,0
SEA,W,Rashard Lewis,3,1,0.3333333333333333,0.0,0.0,3,34.5666666667,4.66666666667,10.3333333333,0.440666666667,1.66666666667,5.0,0.214666666667,2.66666666667,4.0,0.666666666667,2.0,6.0,8.0,2.66666666667,1.66666666667,0.666666666667,1.66666666667,3.33333333333,13.6666666667,11.9666666667,-4.33333333333,0.0,/players/l/lewisra02.html,0
CHH,E,Elden Campbell,3,2,0.6666666666666666,0.0,0.0,3,31.8555555556,5.0,10.0,0.511,0.0,0.0,0.0,5.66666666667,6.0,0.944333333333,1.66666666667,7.0,8.66666666667,0.0,0.666666666667,3.66666666667,2.33333333333,3.66666666667,15.6666666667,13.2333333333,2.33333333333,0.0,/players/c/campbel01.html,0
NYK,E,Othella Harrington,3,1,0.3333333333333333,0.0,0.0,0,26.7722222222,3.0,6.33333333333,0.476333333333,0.0,0.0,0.0,3.0,4.66666666667,0.655666666667,2.0,4.33333333333,6.33333333333,0.666666666667,0.666666666667,0.666666666667,2.66666666667,4.0,9.0,5.13333333333,-2.33333333333,0.0,/players/h/harriot01.html,0
CHH,E,Jamaal Magloire,3,2,0.6666666666666666,0.0,0.0,0,9.15,1.0,1.66666666667,0.5,0.0,0.0,0.0,1.33333333333,1.33333333333,0.333333333333,1.0,2.0,3.0,0.0,0.0,1.33333333333,0.666666666667,1.66666666667,3.33333333333,3.46666666667,-2.0,0.0,/players/m/magloja01.html,0
CHI,E,Trenton Hassell,2,1,0.5,0.0,0.0,0,18.3,1.5,4.0,0.25,0.0,0.5,0.0,1.5,1.5,0.5,0.0,3.0,3.0,1.0,0.5,1.0,0.0,1.5,4.5,4.5,-2.0,0.0,/players/h/hassetr01.html,0
GSW,W,Chris Mills,4,2,0.5,0.0,0.0,0,16.5208333333,4.5,6.25,0.74625,1.0,1.25,0.66675,0.75,0.75,0.5,0.75,2.5,3.25,1.0,0.75,0.5,0.75,2.0,10.75,9.7,6.75,0.0,/players/m/millsch01.html,0
MIA,E,Tang Hamilton,1,0,0.0,0.0,0.0,0,27.45,4.0,8.0,0.5,0.0,0.0,0.0,0.0,1.0,0.0,3.0,3.0,6.0,1.0,1.0,0.0,0.0,3.0,8.0,7.1,4.0,0.0,/players/h/hamilta01.html,0
IND,E,Jamaal Tinsley,4,2,0.5,0.0,0.0,4,28.7208333333,3.5,7.5,0.54,0.5,1.0,0.375,1.0,1.5,0.5,1.0,1.75,2.75,8.5,2.5,0.75,2.25,3.5,8.5,11.0,4.75,0.0,/players/t/tinslja01.html,0
DET,E,Michael Curry,4,3,0.75,0.0,0.0,4,25.925,2.0,5.0,0.39275,0.25,0.75,0.25,1.75,2.0,0.6875,0.0,2.25,2.25,2.75,0.75,0.0,0.0,2.0,6.0,5.75,7.0,0.0,/players/c/currymi01.html,0
IND,E,Al Harrington,4,2,0.5,0.0,0.0,0,21.0958333333,3.5,8.0,0.456,0.0,0.25,0.0,2.25,2.75,0.85425,1.75,2.25,4.0,1.0,0.25,0.25,1.25,4.75,9.25,4.725,1.25,0.0,/players/h/harrial01.html,0
GSW,W,Larry Hughes,4,2,0.5,0.0,0.0,4,29.9916666667,4.5,9.0,0.55575,0.5,1.5,0.1875,2.0,3.5,0.50625,0.75,1.25,2.0,5.75,1.0,0.5,2.5,3.0,11.5,8.975,2.0,0.0,/players/h/hughela01.html,0
SEA,W,Gary Payton,3,1,0.3333333333333333,0.0,0.0,3,42.0222222222,6.33333333333,18.0,0.348666666667,0.666666666667,3.33333333333,0.194333333333,5.66666666667,6.66666666667,0.875,0.333333333333,3.0,3.33333333333,10.6666666667,1.66666666667,0.333333333333,3.66666666667,2.66666666667,19.0,14.3,-9.33333333333,0.0,/players/p/paytoga01.html,0
DET,E,Ben Wallace,4,3,0.75,0.0,0.0,4,36.3458333333,2.75,4.5,0.7105,0.0,0.0,0.0,0.5,0.5,0.25,1.5,10.0,11.5,0.75,2.25,4.0,1.25,2.75,6.0,11.225,14.75,0.0,/players/w/wallabe01.html,0
SAC,W,Bobby Jackson,3,3,1.0,0.0,0.0,0,24.4,3.66666666667,7.0,0.573666666667,1.33333333333,2.66666666667,0.5,1.66666666667,2.33333333333,0.277666666667,1.0,2.33333333333,3.33333333333,2.66666666667,2.0,0.0,2.0,3.66666666667,10.3333333333,8.43333333333,8.33333333333,0.0,/players/j/jacksbo01.html,0
TOR,E,Jerome Williams,4,2,0.5,0.0,0.0,0,15.5041666667,1.5,2.5,0.72925,0.0,0.0,0.0,2.5,3.5,0.53125,1.5,2.0,3.5,0.75,2.0,0.0,0.75,1.75,5.5,6.675,0.5,0.0,/players/w/willije01.html,0
IND,E,Jermaine O'Neal,4,2,0.5,0.0,0.0,4,32.7875,7.25,14.25,0.5085,0.0,0.25,0.0,3.5,5.0,0.63325,3.0,4.75,7.75,1.5,0.5,2.25,3.0,4.0,18.0,12.375,1.5,0.0,/players/o/onealje01.html,0
MIN,W,Sam Mitchell,1,1,1.0,0.0,0.0,0,4.06666666667,0.0,2.0,0.0,0.0,0.0,0.0,0.0,0.0,0.0,1.0,0.0,1.0,0.0,0.0,0.0,0.0,1.0,0.0,-1.1,-5.0,0.0,/players/m/mitchsa01.html,0
POR,W,Erick Barkley,4,1,0.25,0.0,0.0,0,9.9125,0.5,2.0,0.125,0.0,0.75,0.0,0.75,1.0,0.375,0.0,1.75,1.75,1.5,1.25,0.25,1.25,1.25,1.75,1.7,-0.5,0.0,/players/b/barkler01.html,0
